Amount Requested,Application Date,Loan Title,Risk_Score,Debt-To-Income Ratio,Zip Code,State,Employment Length,Policy Code
10000,4/1/2018,Debt consolidation,,35.76%,167xx,PA,< 1 year,0
6000,4/1/2018,Credit card refinancing,,13.19%,553xx,MN,6 years,2
3000,4/1/2018,Home improvement,,100%,351xx,TN,< 1 year,0
4000,4/1/2018,Car financing,,1.93%,601xx,IL,< 1 year,0
2000,4/1/2018,Other,,14.96%,894xx,NV,< 1 year,0
10000,4/1/2018,Debt consolidation,,6.89%,740xx,OK,< 1 year,0
5000,4/1/2018,Major purchase,,0.74%,760xx,TX,< 1 year,0
1000,4/1/2018,Major purchase,727,0.32%,840xx,UT,< 1 year,0
5000,4/1/2018,Debt consolidation,,0.87%,530xx,WI,< 1 year,0
2000,4/1/2018,Debt consolidation,,18.47%,462xx,IN,< 1 year,0
30000,4/1/2018,Debt consolidation,,1.53%,967xx,HI,8 years,0
5000,4/1/2018,Medical expenses,,16.28%,917xx,CA,< 1 year,0
2000,4/1/2018,Debt consolidation,,8.23%,328xx,FL,< 1 year,0
2000,4/1/2018,Home improvement,,19.33%,749xx,OK,< 1 year,0
10000,4/1/2018,Debt consolidation,,25.66%,368xx,AL,< 1 year,0
1000,4/1/2018,Other,,100%,309xx,GA,< 1 year,0
1000,4/1/2018,Other,,1.20%,151xx,PA,< 1 year,0
10000,4/1/2018,Home buying,,10.24%,853xx,AZ,< 1 year,0
10000,4/1/2018,Credit card refinancing,,20.27%,975xx,OR,< 1 year,0
5000,4/1/2018,Debt consolidation,578,0.42%,221xx,VA,< 1 year,0
10000,4/1/2018,Debt consolidation,,16.35%,798xx,TX,< 1 year,0
15000,4/1/2018,Debt consolidation,,35.75%,070xx,NJ,< 1 year,0
10000,4/1/2018,Credit card refinancing,,1.42%,799xx,TX,< 1 year,0
8000,4/1/2018,Other,,25.55%,445xx,OH,< 1 year,0
6500,4/1/2018,Credit card refinancing,,48.56%,028xx,RI,< 1 year,0
10000,4/1/2018,Debt consolidation,,0.49%,775xx,TX,< 1 year,0
10000,4/1/2018,Other,,16.61%,532xx,WI,< 1 year,0
35000,4/1/2018,Home buying,,17.96%,932xx,CA,< 1 year,0
10000,4/1/2018,Debt consolidation,,4.12%,370xx,TN,< 1 year,0
2000,4/1/2018,Other,,1.75%,974xx,OR,< 1 year,0
5000,4/1/2018,Business Loan,,-1%,023xx,MA,< 1 year,0
1000,4/1/2018,Debt consolidation,,34.53%,464xx,IN,< 1 year,0
10000,4/1/2018,Other,,12%,458xx,OH,< 1 year,0
30000,4/1/2018,Debt consolidation,,22.32%,958xx,CA,< 1 year,0
10000,4/1/2018,Credit card refinancing,,17.04%,809xx,CO,< 1 year,0
2500,4/1/2018,Moving and relocation,,5.08%,705xx,LA,< 1 year,0
40000,4/1/2018,Credit card refinancing,,40.94%,900xx,CA,< 1 year,0
16000,4/1/2018,Debt consolidation,,12.08%,902xx,CA,< 1 year,0
1000,4/1/2018,Other,,0%,606xx,IL,< 1 year,0
30000,4/1/2018,Debt consolidation,,0.45%,770xx,TX,< 1 year,0
5000,4/1/2018,Moving and relocation,,25.38%,945xx,CA,< 1 year,0
10000,4/1/2018,Credit card refinancing,,9.12%,121xx,NY,< 1 year,0
6000,4/1/2018,Home buying,,4.02%,585xx,ND,< 1 year,0
10000,4/1/2018,Credit card refinancing,,42.22%,234xx,VA,< 1 year,0
11000,4/1/2018,Debt consolidation,,49.26%,301xx,GA,< 1 year,0
30000,4/1/2018,Other,,100%,201xx,UT,< 1 year,0
40000,4/1/2018,Credit card refinancing,,54.99%,160xx,PA,< 1 year,0
35000,4/1/2018,Debt consolidation,,46.06%,945xx,CA,< 1 year,0
30000,4/1/2018,Debt consolidation,,47.15%,917xx,CA,< 1 year,0
36500,4/1/2018,Credit card refinancing,,31.45%,782xx,TX,< 1 year,0
1000,4/1/2018,Car financing,,1.62%,956xx,CA,< 1 year,0
5000,4/1/2018,Medical expenses,,100%,981xx,WA,< 1 year,0
14000,4/1/2018,Debt consolidation,,13.59%,850xx,AZ,< 1 year,0
30000,4/1/2018,Major purchase,,66.98%,704xx,LA,< 1 year,0
30000,4/1/2018,Credit card refinancing,699,8.77%,065xx,CT,< 1 year,0
5500,4/1/2018,Car financing,,5%,794xx,TX,< 1 year,0
25000,4/1/2018,Credit card refinancing,,49.60%,730xx,OK,< 1 year,0
15000,4/1/2018,Debt consolidation,,19.56%,750xx,TX,< 1 year,0
5500,4/1/2018,Other,,5.60%,871xx,NM,< 1 year,0
20000,4/1/2018,Major purchase,,15.39%,996xx,AK,< 1 year,0
8000,4/1/2018,Debt consolidation,,2.05%,982xx,WA,< 1 year,0
2500,4/1/2018,Medical expenses,,619.20%,362xx,AL,< 1 year,0
1000,4/1/2018,Credit card refinancing,,3.12%,113xx,NY,< 1 year,0
10000,4/1/2018,Debt consolidation,860,4.02%,921xx,CA,< 1 year,0
40000,4/1/2018,Debt consolidation,,18.35%,790xx,TX,< 1 year,0
10000,4/1/2018,Debt consolidation,,2.97%,113xx,NY,< 1 year,0
5000,4/1/2018,Vacation,541,0%,735xx,OK,< 1 year,0
1000,4/1/2018,Other,,0.88%,981xx,WA,< 1 year,0
5000,4/1/2018,Medical expenses,,0%,946xx,CA,< 1 year,0
10000,4/1/2018,Debt consolidation,,19.85%,330xx,FL,< 1 year,0
2300,4/1/2018,Debt consolidation,,1.47%,700xx,LA,< 1 year,0
1000,4/1/2018,Other,,100%,462xx,IN,< 1 year,0
3500,4/1/2018,Debt consolidation,,6.19%,986xx,WA,< 1 year,0
35000,4/1/2018,Other,,4.94%,923xx,CA,< 1 year,0
30000,4/1/2018,Debt consolidation,,1.55%,925xx,CA,< 1 year,0
10000,4/1/2018,Other,,10.74%,795xx,TX,< 1 year,0
2500,4/1/2018,Other,,0%,840xx,UT,< 1 year,0
6000,4/1/2018,Debt consolidation,,100%,563xx,MN,< 1 year,0
15000,4/1/2018,Home buying,,17.07%,471xx,IN,< 1 year,0
8000,4/1/2018,Debt consolidation,,0.23%,316xx,GA,< 1 year,0
21050,4/1/2018,Car financing,,100%,376xx,TN,2 years,0
1000,4/1/2018,Other,,100%,919xx,CA,< 1 year,0
6000,4/1/2018,Car financing,,13.01%,934xx,CA,< 1 year,0
15000,4/1/2018,Debt consolidation,,3.47%,338xx,FL,< 1 year,0
3500,4/1/2018,Credit card refinancing,,17.04%,344xx,FL,< 1 year,0
3000,4/1/2018,Home improvement,,37.40%,347xx,FL,n/a,0
6000,4/1/2018,Other,626,1.50%,923xx,CA,< 1 year,0
10000,4/1/2018,Home buying,,28.39%,482xx,MI,< 1 year,0
10000,4/1/2018,Vacation,687,0.81%,967xx,HI,< 1 year,0
30000,4/1/2018,Credit card refinancing,,24.37%,968xx,HI,< 1 year,0
7500,4/1/2018,Other,,8.19%,432xx,OH,< 1 year,0
3500,4/1/2018,Debt consolidation,,39.84%,951xx,CA,< 1 year,0
15000,4/1/2018,Debt consolidation,,23.05%,799xx,TX,< 1 year,0
3000,4/1/2018,Debt consolidation,,13.20%,921xx,CA,< 1 year,0
1000,4/1/2018,Home improvement,,0%,629xx,IL,< 1 year,0
10000,4/1/2018,Other,,30.35%,953xx,CA,< 1 year,0
1000,4/1/2018,Medical expenses,,4.36%,373xx,TN,< 1 year,0
2000,4/1/2018,Other,,19.22%,750xx,TX,< 1 year,0
40000,4/1/2018,Other,,18.45%,782xx,TX,10+ years,0
7500,4/1/2018,Car financing,659,0%,456xx,OH,< 1 year,0
8000,4/1/2018,Debt consolidation,,6.47%,490xx,MI,< 1 year,0
5000,4/1/2018,Other,,20.36%,325xx,FL,< 1 year,0
14800,4/1/2018,Car financing,,100%,933xx,CA,n/a,0
25000,4/1/2018,Debt consolidation,,15.09%,492xx,MI,< 1 year,0
3500,4/1/2018,Major purchase,,13.89%,336xx,FL,< 1 year,0
4000,4/1/2018,Debt consolidation,,58.76%,362xx,AL,< 1 year,0
2500,4/1/2018,Debt consolidation,,18.60%,841xx,UT,< 1 year,0
10000,4/1/2018,Debt consolidation,,16.53%,044xx,ME,< 1 year,0
10000,4/1/2018,Debt consolidation,,10.89%,212xx,MD,< 1 year,0
6000,4/1/2018,Credit card refinancing,,28.98%,800xx,CO,< 1 year,0
6500,4/1/2018,Credit card refinancing,,47.23%,953xx,CA,< 1 year,0
20000,4/1/2018,Debt consolidation,,109%,328xx,FL,< 1 year,0
1000,4/1/2018,Medical expenses,,0.92%,320xx,FL,< 1 year,0
10000,4/1/2018,Credit card refinancing,,22.92%,630xx,MO,< 1 year,0
4000,4/1/2018,Car financing,,2.98%,891xx,NV,< 1 year,0
10000,4/1/2018,Other,,9.29%,980xx,WA,< 1 year,0
3000,4/1/2018,Debt consolidation,,20.48%,130xx,NY,< 1 year,0
5000,4/1/2018,Car financing,,23.15%,386xx,MS,< 1 year,0
10000,4/1/2018,Car financing,,10.70%,995xx,AK,< 1 year,0
20000,4/1/2018,Medical expenses,,10.36%,691xx,NE,10+ years,0
40000,4/1/2018,Credit card refinancing,,100%,777xx,TX,< 1 year,0
1000,4/1/2018,Major purchase,,34.80%,194xx,PA,< 1 year,0
2500,4/1/2018,Home buying,,9.73%,380xx,TN,< 1 year,0
2000,4/1/2018,Other,600,0%,763xx,TX,< 1 year,0
21750,4/1/2018,Car financing,,100%,951xx,CA,< 1 year,2
12000,4/1/2018,Car financing,,64.15%,933xx,CA,< 1 year,0
8975,4/1/2018,Debt consolidation,,36.80%,335xx,FL,< 1 year,0
1000,4/1/2018,Other,,12.84%,850xx,AZ,< 1 year,0
30000,4/1/2018,Debt consolidation,,18.76%,427xx,KY,< 1 year,0
1000,4/1/2018,Other,,100%,191xx,PA,< 1 year,0
10500,4/1/2018,Credit card refinancing,,17.57%,926xx,CA,< 1 year,0
35000,4/1/2018,Other,,55.99%,350xx,AL,< 1 year,0
40000,4/1/2018,Debt consolidation,,28.90%,334xx,FL,< 1 year,0
10000,4/1/2018,Home improvement,,50%,724xx,AR,< 1 year,0
14000,4/1/2018,Debt consolidation,,15.12%,641xx,MO,< 1 year,0
10000,4/1/2018,Debt consolidation,,17.61%,656xx,MO,< 1 year,0
1000,4/1/2018,Other,,100%,076xx,NJ,< 1 year,0
19225,4/1/2018,Car financing,,100%,757xx,TX,1 year,0
10000,4/1/2018,Car financing,,0.03%,930xx,CA,< 1 year,0
8000,4/1/2018,Debt consolidation,,34.66%,930xx,CA,< 1 year,0
3000,4/1/2018,Other,,100%,207xx,MD,< 1 year,0
2000,4/1/2018,Other,,0.56%,384xx,TN,< 1 year,0
2750,4/1/2018,Car financing,,2.84%,925xx,CA,< 1 year,0
5000,4/1/2018,Debt consolidation,,9999%,980xx,WA,< 1 year,0
15000,4/1/2018,Credit card refinancing,,22.31%,256xx,WV,< 1 year,0
15000,4/1/2018,Debt consolidation,,48.80%,365xx,AL,< 1 year,0
10000,4/1/2018,Credit card refinancing,,35.64%,917xx,CA,< 1 year,0
10000,4/1/2018,Credit card refinancing,,8.36%,440xx,OH,1 year,0
5000,4/1/2018,Other,,3.29%,653xx,MO,< 1 year,0
4000,4/1/2018,Car financing,,10.12%,272xx,NC,< 1 year,0
3600,4/1/2018,Debt consolidation,,8.53%,630xx,MO,< 1 year,0
7500,4/1/2018,Home buying,,17.17%,604xx,IL,< 1 year,0
15000,4/1/2018,Business,,17.97%,373xx,TN,< 1 year,0
3000,4/1/2018,Car financing,,100%,981xx,WA,< 1 year,0
10000,4/1/2018,Medical expenses,,27.70%,629xx,IL,< 1 year,0
25000,4/1/2018,Debt consolidation,,100%,440xx,OH,< 1 year,0
2000,4/1/2018,Home buying,,12.83%,812xx,CO,< 1 year,0
10000,4/1/2018,Debt consolidation,563,0.46%,454xx,OH,< 1 year,0
2500,4/1/2018,Car financing,,2.74%,393xx,MS,< 1 year,0
10000,4/1/2018,Other,,20.71%,171xx,PA,< 1 year,0
8425,4/1/2018,Credit card refinancing,,42.44%,300xx,GA,< 1 year,0
2500,4/1/2018,Debt consolidation,,2.89%,981xx,WA,n/a,0
5000,4/1/2018,Other,,1.29%,600xx,IL,< 1 year,0
12000,4/1/2018,Credit card refinancing,,21.54%,680xx,NE,< 1 year,0
25000,4/1/2018,Debt consolidation,,34.06%,891xx,NV,< 1 year,0
25000,4/1/2018,Business Loan,,-1%,489xx,MI,< 1 year,0
7000,4/1/2018,Debt consolidation,,37.19%,303xx,GA,< 1 year,0
5500,4/1/2018,Debt consolidation,,290.42%,780xx,TX,< 1 year,0
9525,4/1/2018,Other,,0%,563xx,MN,< 1 year,0
5000,4/1/2018,Other,,18.20%,754xx,TX,< 1 year,0
10000,4/1/2018,Debt consolidation,,4.03%,481xx,MI,< 1 year,0
1500,4/1/2018,Debt consolidation,,36%,900xx,CA,< 1 year,0
30000,4/1/2018,Debt consolidation,,22.47%,900xx,CA,< 1 year,0
3600,4/1/2018,Major purchase,,8.84%,630xx,MO,< 1 year,0
3000,4/1/2018,Major purchase,,12.55%,923xx,CA,< 1 year,0
10000,4/1/2018,Debt consolidation,,17.44%,993xx,WA,< 1 year,0
20000,4/1/2018,Debt consolidation,,4.74%,980xx,WA,< 1 year,0
10000,4/1/2018,Car financing,,100%,089xx,NJ,< 1 year,0
3000,4/1/2018,Debt consolidation,,31.43%,404xx,KY,< 1 year,0
5000,4/1/2018,Moving and relocation,,0%,231xx,VA,< 1 year,0
10000,4/1/2018,Debt consolidation,,19.28%,760xx,TX,< 1 year,0
1500,4/1/2018,Moving and relocation,,2.23%,840xx,UT,< 1 year,0
6000,4/1/2018,Vacation,,100%,793xx,TX,< 1 year,0
11100,4/1/2018,Credit card refinancing,,40.68%,939xx,CA,< 1 year,0
10000,4/1/2018,Credit card refinancing,,46.47%,331xx,FL,< 1 year,0
25000,4/1/2018,Debt consolidation,,20.15%,021xx,MA,< 1 year,0
2000,4/1/2018,Moving and relocation,,0%,152xx,PA,< 1 year,0
30000,4/1/2018,Credit card refinancing,,21.10%,464xx,IN,< 1 year,0
7000,4/1/2018,Debt consolidation,,36.41%,794xx,TX,< 1 year,0
10000,4/1/2018,Debt consolidation,,10.36%,750xx,TX,< 1 year,0
1000,4/1/2018,Medical expenses,,17.72%,297xx,SC,< 1 year,0
6000,4/1/2018,Debt consolidation,,0.28%,021xx,MA,< 1 year,0
7000,4/1/2018,Other,,31.65%,442xx,OH,< 1 year,0
1000,4/1/2018,Debt consolidation,,11.80%,919xx,CA,< 1 year,0
1000,4/1/2018,Home buying,581,0%,276xx,NC,< 1 year,0
3000,4/1/2018,Business,,0.62%,104xx,NY,< 1 year,0
40000,4/1/2018,Major purchase,,12.17%,314xx,GA,< 1 year,0
7000,4/1/2018,Other,,39.52%,653xx,MO,< 1 year,0
5000,4/1/2018,Credit card refinancing,,380.94%,932xx,CA,< 1 year,0
30000,4/1/2018,Debt consolidation,,38.52%,210xx,MD,< 1 year,0
10000,4/1/2018,Debt consolidation,,10.91%,302xx,GA,< 1 year,0
5000,4/1/2018,Credit card refinancing,,16.19%,303xx,GA,< 1 year,0
2500,4/1/2018,Medical expenses,,9.19%,989xx,WA,< 1 year,0
35000,4/1/2018,Debt consolidation,,20.49%,633xx,MO,< 1 year,0
6000,4/1/2018,Business,,3.19%,021xx,MA,n/a,0
11000,4/1/2018,Credit card refinancing,,23.67%,774xx,TX,< 1 year,0
5000,4/1/2018,Moving and relocation,,29.43%,327xx,FL,< 1 year,0
2000,4/1/2018,Major purchase,,0%,917xx,CA,< 1 year,0
2000,4/1/2018,Car financing,600,14.88%,850xx,AZ,< 1 year,0
10000,4/1/2018,Debt consolidation,,10.21%,750xx,TX,< 1 year,0
5000,4/1/2018,Moving and relocation,,0%,992xx,WA,< 1 year,0
10000,4/1/2018,Major purchase,,10.60%,331xx,FL,< 1 year,0
10000,4/1/2018,Debt consolidation,,34.03%,492xx,MI,< 1 year,0
2000,4/1/2018,Major purchase,,1%,073xx,NJ,< 1 year,0
3500,4/1/2018,Green loan,,396.40%,672xx,KS,< 1 year,0
3500,4/1/2018,Debt consolidation,,17.59%,782xx,TX,< 1 year,0
1000,4/1/2018,Other,,0%,631xx,MO,< 1 year,0
2500,4/1/2018,Other,568,0.80%,875xx,NM,< 1 year,0
10000,4/1/2018,Debt consolidation,,25.07%,738xx,OK,< 1 year,0
10000,4/1/2018,Other,,0.40%,923xx,CA,< 1 year,0
5000,4/1/2018,Debt consolidation,,3.66%,946xx,CA,< 1 year,0
10000,4/1/2018,Other,,0%,477xx,IN,< 1 year,0
1500,4/1/2018,Debt consolidation,,100%,082xx,NJ,< 1 year,0
7000,4/1/2018,Credit card refinancing,,13.19%,973xx,OR,< 1 year,0
2000,4/1/2018,Other,,0%,841xx,UT,< 1 year,0
5500,4/1/2018,Major purchase,,0.58%,334xx,FL,< 1 year,0
10000,4/1/2018,Credit card refinancing,,15.19%,437xx,OH,< 1 year,0
10000,4/1/2018,Debt consolidation,,16.33%,304xx,GA,< 1 year,0
1000,4/1/2018,Car financing,,46.29%,762xx,TX,< 1 year,0
4000,4/1/2018,Debt consolidation,,12.40%,840xx,UT,< 1 year,0
5000,4/1/2018,Other,,12.71%,344xx,FL,< 1 year,0
9000,4/1/2018,Credit card refinancing,,8.39%,030xx,NH,< 1 year,0
9000,4/1/2018,Credit card refinancing,,21.93%,930xx,CA,< 1 year,0
35000,4/1/2018,Other,,0.21%,295xx,SC,< 1 year,0
3000,4/1/2018,Other,,2.14%,907xx,CA,< 1 year,0
5000,4/1/2018,Debt consolidation,,26.87%,115xx,NY,< 1 year,0
1500,4/1/2018,Credit card refinancing,,6.89%,763xx,TX,< 1 year,0
14000,4/1/2018,Other,,78.53%,782xx,TX,< 1 year,0
1000,4/1/2018,Debt consolidation,,1.07%,760xx,TX,< 1 year,0
8500,4/1/2018,Debt consolidation,,31.36%,356xx,AL,< 1 year,0
1000,4/1/2018,Major purchase,,100%,532xx,WI,< 1 year,0
18000,4/1/2018,Debt consolidation,,18.22%,100xx,NY,< 1 year,0
6700,4/1/2018,Debt consolidation,,31.17%,775xx,TX,< 1 year,0
2500,4/1/2018,Debt consolidation,573,1.44%,130xx,NY,< 1 year,0
40000,4/1/2018,Credit card refinancing,,19.65%,551xx,MN,< 1 year,0
10000,4/1/2018,Credit card refinancing,,18.43%,982xx,WA,< 1 year,0
2500,4/1/2018,Debt consolidation,,10.28%,452xx,OH,< 1 year,0
3000,4/1/2018,Credit card refinancing,,13.50%,473xx,IN,< 1 year,0
29000,4/1/2018,Credit card refinancing,,14.70%,902xx,CA,< 1 year,0
2500,4/1/2018,Other,,1.57%,923xx,CA,< 1 year,0
15000,4/1/2018,Other,,100%,996xx,AK,< 1 year,0
5000,4/1/2018,Other,,0.24%,672xx,KS,< 1 year,0
32000,4/1/2018,Debt consolidation,,33.70%,805xx,CO,< 1 year,0
12000,4/1/2018,Debt consolidation,,21.22%,452xx,OH,< 1 year,0
10000,4/1/2018,Other,,0%,315xx,GA,< 1 year,0
2500,4/1/2018,Car financing,,0%,543xx,WI,< 1 year,0
5000,4/1/2018,Debt consolidation,,1%,410xx,KY,< 1 year,0
5000,4/1/2018,Debt consolidation,,530.72%,210xx,MD,< 1 year,0
70000,4/1/2018,Business Loan,,-1%,970xx,OR,< 1 year,0
10000,4/1/2018,Car financing,,3.89%,916xx,CA,< 1 year,0
10000,4/1/2018,Debt consolidation,,9.52%,207xx,MD,< 1 year,0
20000,4/1/2018,Debt consolidation,,21.03%,100xx,NY,< 1 year,0
10000,4/1/2018,Other,,1.36%,923xx,CA,< 1 year,0
1000,4/1/2018,Other,,100%,286xx,NC,< 1 year,0
15000,4/1/2018,Debt consolidation,,14.87%,653xx,MO,< 1 year,0
10000,4/1/2018,Other,,19.26%,481xx,MI,< 1 year,0
4000,4/1/2018,Other,,0.80%,351xx,AL,< 1 year,0
8000,4/1/2018,Major purchase,,1.93%,358xx,AL,n/a,0
2000,4/1/2018,Other,,41.60%,322xx,FL,< 1 year,0
40000,4/1/2018,Home improvement,,57.73%,427xx,KY,< 1 year,0
15000,4/1/2018,Other,,18.08%,913xx,CA,< 1 year,0
10000,4/1/2018,Debt consolidation,,12.64%,891xx,NV,< 1 year,0
15000,4/1/2018,Debt consolidation,,31.13%,339xx,FL,< 1 year,0
35000,4/1/2018,Debt consolidation,,0%,446xx,OH,< 1 year,0
9000,4/1/2018,Debt consolidation,,8.39%,030xx,NH,< 1 year,0
3000,4/1/2018,Credit card refinancing,,10.85%,317xx,GA,3 years,0
10000,4/1/2018,Debt consolidation,,65.29%,900xx,CA,< 1 year,0
7000,4/1/2018,Other,,100%,953xx,CA,< 1 year,0
25000,4/1/2018,Home buying,,10.68%,606xx,IL,< 1 year,0
25000,4/1/2018,Debt consolidation,,35.45%,980xx,WA,< 1 year,0
10000,4/1/2018,Credit card refinancing,,38.91%,131xx,NY,< 1 year,0
1000,4/1/2018,Other,,8.80%,958xx,CA,< 1 year,0
10000,4/1/2018,Debt consolidation,,47.58%,173xx,PA,< 1 year,0
5000,4/1/2018,Other,586,1%,959xx,CA,< 1 year,0
1500,4/1/2018,Debt consolidation,,53.34%,919xx,CA,< 1 year,0
5000,4/1/2018,Home buying,,1.12%,633xx,MO,< 1 year,0
15000,4/1/2018,Debt consolidation,,34.87%,840xx,UT,< 1 year,0
35000,4/1/2018,Other,,10.12%,140xx,NY,< 1 year,0
2500,4/1/2018,Credit card refinancing,,4.31%,941xx,CA,< 1 year,0
10000,4/1/2018,Home buying,,95.07%,186xx,PA,< 1 year,0
12500,4/1/2018,Credit card refinancing,,8.51%,701xx,LA,< 1 year,0
15000,4/1/2018,Debt consolidation,,14.05%,380xx,TN,< 1 year,0
17000,4/1/2018,Debt consolidation,,27.58%,625xx,IL,< 1 year,0
5000,4/1/2018,Credit card refinancing,,4.53%,170xx,PA,< 1 year,0
10000,4/1/2018,Credit card refinancing,,14.47%,781xx,TX,< 1 year,0
5000,4/1/2018,Other,,0%,342xx,FL,< 1 year,0
19000,4/1/2018,Car financing,,3.07%,932xx,CA,< 1 year,0
40000,4/1/2018,Debt consolidation,,1265%,018xx,MA,< 1 year,0
10000,4/1/2018,Debt consolidation,,19.08%,914xx,CA,< 1 year,0
4000,4/1/2018,Major purchase,,3.24%,953xx,CA,< 1 year,0
5000,4/1/2018,Credit card refinancing,,26.28%,454xx,OH,< 1 year,0
3000,4/1/2018,Credit card refinancing,,24.01%,900xx,CA,< 1 year,0
35425,4/1/2018,Car financing,,100%,125xx,NY,< 1 year,0
10775,4/1/2018,Car financing,,100%,302xx,GA,< 1 year,0
6000,4/1/2018,Debt consolidation,,47.16%,040xx,ME,< 1 year,0
25000,4/1/2018,Debt consolidation,,30.75%,773xx,TX,< 1 year,0
40000,4/1/2018,Home improvement,,0%,600xx,CA,4 years,0
10000,4/1/2018,Credit card refinancing,,3220%,330xx,FL,< 1 year,0
10000,4/1/2018,Home improvement,,100%,949xx,CA,< 1 year,0
5000,4/1/2018,Home buying,,0%,338xx,FL,< 1 year,0
25000,4/1/2018,Debt consolidation,,7.64%,967xx,HI,< 1 year,0
10000,4/1/2018,Debt consolidation,,34.53%,891xx,NV,< 1 year,0
18000,4/1/2018,Debt consolidation,,1.23%,736xx,OK,< 1 year,0
5000,4/1/2018,Moving and relocation,,0.60%,553xx,MN,< 1 year,0
10000,4/1/2018,Credit card refinancing,,23.97%,470xx,IN,< 1 year,0
1000,4/1/2018,Other,,377%,445xx,OH,< 1 year,0
3000,4/1/2018,Moving and relocation,,100%,546xx,WI,< 1 year,0
13000,4/1/2018,Debt consolidation,,2.36%,923xx,CA,< 1 year,0
20000,4/1/2018,Debt consolidation,,66.08%,705xx,LA,< 1 year,0
1000,4/1/2018,Debt consolidation,,0%,322xx,FL,< 1 year,0
10000,4/1/2018,Credit card refinancing,,27.88%,535xx,WI,< 1 year,0
20000,4/1/2018,Other,,0.31%,972xx,OR,7 years,0
5000,4/1/2018,Home buying,,21.23%,775xx,TX,< 1 year,0
9000,4/1/2018,Debt consolidation,,41.27%,342xx,FL,< 1 year,0
8000,4/1/2018,Debt consolidation,,7.13%,900xx,CA,< 1 year,0
4325,4/1/2018,Credit card refinancing,,5.61%,640xx,MO,< 1 year,0
20000,4/1/2018,Home buying,,10.87%,604xx,IL,< 1 year,0
5000,4/1/2018,Credit card refinancing,,18.55%,853xx,AZ,< 1 year,0
4000,4/1/2018,Debt consolidation,,17.85%,940xx,CA,< 1 year,0
3500,4/1/2018,Other,,12.99%,782xx,TX,< 1 year,0
10000,4/1/2018,Debt consolidation,,22.58%,798xx,TX,< 1 year,0
10000,4/1/2018,Debt consolidation,,12.81%,290xx,SC,< 1 year,0
20000,4/1/2018,Credit card refinancing,,46.58%,859xx,AZ,< 1 year,0
20000,4/1/2018,Other,,5.95%,232xx,VA,< 1 year,0
1500,4/1/2018,Vacation,,7.52%,950xx,CA,< 1 year,0
7000,4/1/2018,Debt consolidation,,1.60%,296xx,SC,< 1 year,0
8000,4/1/2018,Home buying,,26%,165xx,PA,< 1 year,0
6000,4/1/2018,Other,,0%,958xx,CA,< 1 year,0
10000,4/1/2018,Other,,0.53%,782xx,TX,< 1 year,0
5000,4/1/2018,Car financing,,30.12%,028xx,RI,< 1 year,0
2000,4/1/2018,Other,,52.20%,331xx,FL,< 1 year,0
15000,4/1/2018,Debt consolidation,,16.24%,981xx,WA,< 1 year,0
12000,4/1/2018,Debt consolidation,,144.16%,731xx,OK,< 1 year,0
10000,4/1/2018,Other,,13.25%,660xx,KS,< 1 year,0
1000,4/1/2018,Other,,100%,028xx,RI,< 1 year,0
9925,4/1/2018,Credit card refinancing,,8.25%,785xx,TX,< 1 year,0
35000,4/1/2018,Debt consolidation,,58.32%,891xx,NV,< 1 year,0
2500,4/1/2018,Other,,14.83%,397xx,MS,< 1 year,0
20000,4/1/2018,Debt consolidation,,6.63%,820xx,WY,< 1 year,0
15000,4/1/2018,Home buying,,0.73%,970xx,OR,< 1 year,0
7000,4/1/2018,Debt consolidation,,11.35%,900xx,CA,< 1 year,0
15000,4/1/2018,Debt consolidation,,32.64%,900xx,CA,< 1 year,0
5000,4/1/2018,Credit card refinancing,,10.49%,338xx,FL,< 1 year,0
10000,4/1/2018,Other,,19.33%,749xx,OK,< 1 year,0
1000,4/1/2018,Other,,0%,404xx,KY,< 1 year,0
15000,4/1/2018,Debt consolidation,,15.50%,112xx,NY,< 1 year,0
37000,4/1/2018,Other,,34.62%,920xx,CA,< 1 year,0
10000,4/1/2018,Home buying,,1.36%,900xx,CA,< 1 year,0
2500,4/1/2018,Debt consolidation,,5.73%,341xx,FL,< 1 year,0
10000,4/1/2018,Credit card refinancing,,22.01%,014xx,MA,< 1 year,0
25000,4/1/2018,Debt consolidation,,19.32%,891xx,NV,< 1 year,0
5000,4/1/2018,Other,,45.03%,760xx,TX,< 1 year,0
10000,4/1/2018,Medical expenses,,0%,072xx,NJ,< 1 year,0
3000,4/1/2018,Major purchase,,20.38%,477xx,IN,< 1 year,0
30000,4/1/2018,Home buying,,5.50%,302xx,GA,< 1 year,0
5000,4/1/2018,Debt consolidation,,16.27%,384xx,TN,< 1 year,0
3000,4/1/2018,Major purchase,,16.42%,325xx,FL,< 1 year,0
30000,4/1/2018,Debt consolidation,,0%,945xx,CA,< 1 year,0
15000,4/1/2018,Debt consolidation,,20.91%,670xx,KS,< 1 year,0
10000,4/1/2018,Debt consolidation,,18.61%,462xx,IN,< 1 year,0
2000,4/1/2018,Medical expenses,,20.16%,275xx,NC,< 1 year,0
30000,4/1/2018,Debt consolidation,,31%,703xx,LA,< 1 year,0
25000,4/1/2018,Debt consolidation,,16.12%,217xx,MD,< 1 year,0
1000,4/1/2018,Other,,31.27%,926xx,CA,< 1 year,0
5000,4/1/2018,Other,,0%,939xx,CA,< 1 year,0
25000,4/1/2018,Car financing,,4.52%,802xx,CO,< 1 year,0
10000,4/1/2018,Home buying,,46.55%,309xx,GA,< 1 year,0
27000,4/1/2018,Debt consolidation,,25.85%,804xx,CO,< 1 year,0
40000,4/1/2018,Home buying,,9.50%,190xx,PA,< 1 year,0
1000,4/1/2018,Other,,12.99%,274xx,NC,< 1 year,0
2500,4/1/2018,Debt consolidation,,19.43%,648xx,MO,< 1 year,0
300000,4/1/2018,Business Loan,,-1%,865xx,WA,< 1 year,0
5000,4/1/2018,Credit card refinancing,,3.27%,611xx,IL,< 1 year,0
15000,4/1/2018,Medical expenses,749,0%,395xx,MS,< 1 year,0
5000,4/1/2018,Credit card refinancing,,22.14%,190xx,PA,< 1 year,0
1900,4/1/2018,Other,,1.03%,923xx,CA,< 1 year,0
1500,4/1/2018,Credit card refinancing,,70.10%,050xx,VT,< 1 year,0
10000,4/1/2018,Other,,36.15%,953xx,CA,< 1 year,0
5000,4/1/2018,Credit card refinancing,,21.46%,604xx,IL,< 1 year,0
35000,4/1/2018,Other,,10.43%,446xx,OH,< 1 year,0
35000,4/1/2018,Debt consolidation,,31.83%,641xx,MO,< 1 year,0
5500,4/1/2018,Moving and relocation,,1.50%,330xx,FL,< 1 year,0
30000,4/1/2018,Debt consolidation,,11.98%,478xx,IN,< 1 year,0
5500,4/1/2018,Credit card refinancing,,16.37%,210xx,MD,< 1 year,0
25000,4/1/2018,Debt consolidation,,17.24%,331xx,FL,< 1 year,0
5000,4/1/2018,Debt consolidation,,13.20%,088xx,NJ,< 1 year,0
5000,4/1/2018,Other,,215.33%,891xx,NV,< 1 year,0
2000,4/1/2018,Other,,27.12%,344xx,FL,< 1 year,0
10000,4/1/2018,Debt consolidation,,34.72%,303xx,GA,< 1 year,0
1500,4/1/2018,Car financing,,16.13%,850xx,AZ,< 1 year,0
10000,4/1/2018,Debt consolidation,,2.33%,388xx,MS,< 1 year,0
3000,4/1/2018,Other,,4.74%,802xx,CO,< 1 year,0
5000,4/1/2018,Other,,19.61%,207xx,MD,< 1 year,0
10000,4/1/2018,Debt consolidation,,25.45%,136xx,NY,< 1 year,0
9250,4/1/2018,Other,,9.56%,935xx,CA,< 1 year,0
1200,4/1/2018,Credit card refinancing,,6%,160xx,PA,< 1 year,0
3000,4/1/2018,Other,,22.62%,295xx,SC,< 1 year,0
20000,4/1/2018,Debt consolidation,,19.23%,493xx,MI,< 1 year,0
11000,4/1/2018,Debt consolidation,,34.62%,303xx,GA,< 1 year,0
4500,4/1/2018,Credit card refinancing,,100%,210xx,MD,< 1 year,0
17175,4/1/2018,Car financing,,100%,301xx,GA,1 year,0
10000,4/1/2018,Debt consolidation,,30.58%,799xx,TX,< 1 year,0
10000,4/1/2018,Credit card refinancing,,27833.33%,070xx,NJ,< 1 year,0
10000,4/1/2018,Debt consolidation,,42.89%,610xx,IL,< 1 year,0
5000,4/1/2018,Car financing,,10.94%,283xx,NC,< 1 year,0
5000,4/1/2018,Moving and relocation,,0%,959xx,CA,< 1 year,0
15000,4/1/2018,Credit card refinancing,,89%,443xx,OH,< 1 year,0
5000,4/1/2018,Medical expenses,614,1.80%,950xx,CA,< 1 year,0
5500,4/1/2018,Other,,14.11%,158xx,PA,< 1 year,0
9500,4/1/2018,Other,,0%,325xx,FL,< 1 year,0
20000,4/1/2018,Credit card refinancing,,48.46%,060xx,CT,< 1 year,0
30000,4/1/2018,Credit card refinancing,,42.93%,967xx,HI,< 1 year,0
4000,4/1/2018,Credit card refinancing,,47.32%,064xx,CT,< 1 year,0
5000,4/1/2018,Credit card refinancing,,1.64%,672xx,KS,< 1 year,0
8500,4/1/2018,Car financing,,13.35%,853xx,AZ,< 1 year,0
5000,4/1/2018,Debt consolidation,,5.61%,722xx,AR,< 1 year,0
10000,4/1/2018,Debt consolidation,,21.84%,087xx,NJ,< 1 year,0
9000,4/1/2018,Home buying,,5.36%,142xx,NY,< 1 year,0
5000,4/1/2018,Debt consolidation,,2.61%,972xx,OR,< 1 year,0
3000,4/1/2018,Home buying,,4.01%,331xx,FL,< 1 year,0
9500,4/1/2018,Car financing,,13.44%,891xx,NV,< 1 year,0
5000,4/1/2018,Credit card refinancing,,29.37%,281xx,NC,< 1 year,0
5000,4/1/2018,Debt consolidation,,6.98%,480xx,MI,< 1 year,0
2500,4/1/2018,Other,,0.83%,292xx,SC,< 1 year,0
40000,4/1/2018,Debt consolidation,,20.79%,484xx,MI,< 1 year,0
20000,4/1/2018,Other,,9.42%,117xx,NY,< 1 year,0
2000,4/1/2018,Other,,1.20%,940xx,CA,< 1 year,0
10000,4/1/2018,Debt consolidation,,44.28%,038xx,NH,< 1 year,0
1500,4/1/2018,Car financing,,0%,037xx,NH,< 1 year,0
10000,4/1/2018,Debt consolidation,,17.39%,328xx,FL,< 1 year,0
10000,4/1/2018,Other,,19%,667xx,KS,< 1 year,0
10000,4/1/2018,Other,603,19.28%,283xx,NC,< 1 year,0
13000,4/1/2018,Car financing,749,0%,760xx,TX,< 1 year,0
12000,4/1/2018,Medical expenses,,4.57%,285xx,NC,< 1 year,0
1000,4/1/2018,Moving and relocation,651,0%,378xx,TN,< 1 year,0
10000,4/1/2018,Debt consolidation,,0%,941xx,CA,< 1 year,0
1500,4/1/2018,Other,,4.17%,949xx,CA,< 1 year,0
1000,4/1/2018,Debt consolidation,,471.43%,770xx,TX,< 1 year,0
6000,4/1/2018,Debt consolidation,,20.45%,902xx,CA,< 1 year,0
15000,4/1/2018,Home buying,,26.42%,381xx,TN,< 1 year,0
3000,4/1/2018,Debt consolidation,,8.96%,770xx,TX,< 1 year,0
1000,4/1/2018,Other,,2.21%,442xx,OH,< 1 year,0
40000,4/1/2018,Major purchase,,245.37%,775xx,TX,< 1 year,0
5000,4/1/2018,Debt consolidation,,100%,328xx,FL,< 1 year,0
8000,4/1/2018,Debt consolidation,,9.77%,851xx,AZ,< 1 year,0
10000,4/1/2018,Credit card refinancing,,27.01%,926xx,CA,< 1 year,0
5000,4/1/2018,Major purchase,,6.53%,895xx,NV,< 1 year,0
3000,4/1/2018,Other,536,0%,071xx,NJ,< 1 year,0
35000,4/1/2018,Debt consolidation,,9.62%,334xx,FL,< 1 year,0
6000,4/1/2018,Debt consolidation,,15.70%,681xx,NE,< 1 year,0
2000,4/1/2018,Debt consolidation,,0.20%,116xx,NY,< 1 year,0
10000,4/1/2018,Credit card refinancing,,19.05%,930xx,CA,4 years,0
10000,4/1/2018,Other,,24.06%,284xx,NC,< 1 year,0
10000,4/1/2018,Debt consolidation,,7.23%,282xx,NC,< 1 year,0
40000,4/1/2018,Debt consolidation,,16.80%,283xx,NC,< 1 year,0
10000,4/1/2018,Credit card refinancing,,193.60%,281xx,NC,< 1 year,0
13000,4/1/2018,Credit card refinancing,,22.72%,404xx,KY,< 1 year,0
10000,4/1/2018,Debt consolidation,,18.07%,061xx,CT,< 1 year,0
10000,4/1/2018,Major purchase,,12.80%,871xx,NM,< 1 year,0
10000,4/1/2018,Debt consolidation,,14.44%,900xx,CA,< 1 year,0
3000,4/1/2018,Credit card refinancing,,3.65%,761xx,TX,< 1 year,0
30000,4/1/2018,Debt consolidation,,16.72%,751xx,TX,< 1 year,0
5000,4/1/2018,Debt consolidation,,24.28%,967xx,HI,< 1 year,0
4500,4/1/2018,Other,540,0%,982xx,WA,< 1 year,0
1500,4/1/2018,Other,,60.98%,342xx,FL,< 1 year,0
10000,4/1/2018,Credit card refinancing,,16.73%,782xx,TX,< 1 year,0
10000,4/1/2018,Other,,9.85%,336xx,FL,< 1 year,0
10000,4/1/2018,Debt consolidation,,34.64%,850xx,AZ,< 1 year,0
5000,4/1/2018,Debt consolidation,,31.13%,349xx,FL,< 1 year,0
12000,4/1/2018,Debt consolidation,,13.20%,474xx,IN,< 1 year,0
10000,4/1/2018,Credit card refinancing,,41.27%,083xx,NJ,< 1 year,0
250000,4/1/2018,Business Loan,,-1%,207xx,MD,< 1 year,0
10000,4/1/2018,Credit card refinancing,,15.49%,535xx,WI,< 1 year,0
30000,4/1/2018,Home improvement,,25.74%,608xx,IL,< 1 year,0
8000,4/1/2018,Major purchase,,22.08%,136xx,NY,< 1 year,0
10000,4/1/2018,Debt consolidation,,38.95%,229xx,VA,< 1 year,0
15000,4/1/2018,Major purchase,,0%,921xx,CA,< 1 year,0
5000,4/1/2018,Debt consolidation,,9.48%,028xx,RI,< 1 year,0
35000,4/1/2018,Debt consolidation,,35.54%,372xx,TN,< 1 year,0
5000,4/1/2018,Debt consolidation,,6.07%,741xx,OK,< 1 year,0
3000,4/1/2018,Other,,5.67%,236xx,VA,< 1 year,0
10000,4/1/2018,Debt consolidation,,1.32%,727xx,AR,< 1 year,0
10000,4/1/2018,Other,,10.22%,070xx,NJ,< 1 year,0
8650,4/1/2018,Car financing,,100%,852xx,AZ,< 1 year,0
1000,4/1/2018,Major purchase,,21.48%,937xx,CA,< 1 year,0
5000,4/1/2018,Debt consolidation,,11.11%,958xx,CA,< 1 year,0
20000,4/1/2018,Debt consolidation,,45.11%,482xx,MI,< 1 year,0
5000,4/1/2018,Debt consolidation,,4.22%,787xx,TX,< 1 year,0
5000,4/1/2018,Debt consolidation,,7.63%,639xx,MO,n/a,0
12925,4/1/2018,Car financing,,100%,924xx,CA,1 year,0
20000,4/1/2018,Other,,35.04%,114xx,NY,< 1 year,0
10000,4/1/2018,Credit card refinancing,,8.97%,891xx,NV,< 1 year,0
20000,4/1/2018,Debt consolidation,,39.43%,811xx,CO,< 1 year,0
9500,4/1/2018,Other,,5.51%,918xx,CA,< 1 year,0
1000,4/1/2018,Medical expenses,,100%,201xx,VA,< 1 year,0
15000,4/1/2018,Debt consolidation,,10.07%,300xx,GA,< 1 year,0
1000,4/1/2018,Other,,100%,270xx,NC,< 1 year,0
1000,4/1/2018,Home improvement,,20.64%,390xx,MS,< 1 year,0
35000,4/1/2018,Debt consolidation,,0%,945xx,CA,< 1 year,0
8000,4/1/2018,Other,,20.12%,125xx,NY,< 1 year,0
1000,4/1/2018,Home buying,,100%,002xx,CA,< 1 year,0
10000,4/1/2018,Other,,12.17%,761xx,TX,< 1 year,0
5000,4/1/2018,Other,,42.04%,532xx,WI,n/a,0
20250,4/1/2018,Car financing,,100%,100xx,NY,< 1 year,0
1500,4/1/2018,Debt consolidation,,11.75%,906xx,CA,< 1 year,0
5000,4/1/2018,Car financing,,11.91%,750xx,TX,< 1 year,0
2000,4/1/2018,Home buying,,0.67%,303xx,GA,< 1 year,0
32000,4/1/2018,Other,,24.53%,309xx,GA,< 1 year,0
1000,4/1/2018,Other,,46%,443xx,OH,< 1 year,0
7500,4/1/2018,Major purchase,,24.71%,152xx,PA,< 1 year,0
10000,4/1/2018,Debt consolidation,,39.80%,019xx,MA,< 1 year,0
20000,4/1/2018,Debt consolidation,,6.53%,907xx,CA,< 1 year,0
10000,4/1/2018,Credit card refinancing,,18.26%,601xx,IL,< 1 year,0
15000,4/1/2018,Credit card refinancing,,30.53%,019xx,MA,< 1 year,0
2500,4/1/2018,Debt consolidation,,33.81%,461xx,IN,< 1 year,0
9000,4/1/2018,Debt consolidation,,21.68%,645xx,MO,< 1 year,0
5000,4/1/2018,Debt consolidation,,1.57%,787xx,TX,< 1 year,0
30000,4/1/2018,Debt consolidation,,34.96%,329xx,FL,< 1 year,0
25000,4/1/2018,Home buying,,8.04%,380xx,TN,< 1 year,0
9000,4/1/2018,Debt consolidation,,19.57%,645xx,MO,< 1 year,0
10000,4/1/2018,Debt consolidation,,11.96%,660xx,KS,< 1 year,0
5000,4/1/2018,Car financing,,2.18%,109xx,NY,< 1 year,0
13000,4/1/2018,Credit card refinancing,,18.36%,018xx,MA,< 1 year,0
10000,4/1/2018,Debt consolidation,,33.40%,275xx,NC,< 1 year,0
25000,4/1/2018,Debt consolidation,,20.88%,380xx,TN,< 1 year,0
5000,4/1/2018,Car financing,,12.12%,427xx,KY,< 1 year,0
40000,4/1/2018,Debt consolidation,,25.73%,481xx,MI,< 1 year,0
1000,4/1/2018,Car financing,,4.55%,492xx,MI,< 1 year,0
20000,4/1/2018,Credit card refinancing,,63.81%,300xx,GA,< 1 year,0
5000,4/1/2018,Debt consolidation,,19.79%,477xx,IN,< 1 year,0
15000,4/1/2018,Credit card refinancing,,41.97%,141xx,NY,< 1 year,0
10000,4/1/2018,Debt consolidation,642,4.67%,986xx,WA,< 1 year,0
5000,4/1/2018,Debt consolidation,,19.78%,140xx,NY,< 1 year,0
10000,4/1/2018,Debt consolidation,,4.22%,891xx,NV,< 1 year,0
2000,4/1/2018,Car financing,,0%,628xx,IL,< 1 year,0
30000,4/1/2018,Debt consolidation,,35033.33%,815xx,CO,< 1 year,0
8000,4/1/2018,Credit card refinancing,,18.04%,120xx,NY,< 1 year,0
15000,4/1/2018,Debt consolidation,,29.51%,234xx,VA,< 1 year,0
40000,4/1/2018,Major purchase,,5.99%,338xx,FL,10+ years,0
25000,4/1/2018,Debt consolidation,,18.78%,070xx,NJ,< 1 year,0
10000,4/1/2018,Debt consolidation,,33820%,770xx,TX,< 1 year,0
10000,4/1/2018,Other,,2.71%,019xx,MA,< 1 year,0
5000,4/1/2018,Debt consolidation,,35.20%,664xx,KS,< 1 year,0
10000,4/1/2018,Credit card refinancing,,61.31%,381xx,TN,< 1 year,0
16000,4/1/2018,Debt consolidation,,497.19%,748xx,OK,< 1 year,0
3000,4/1/2018,Other,,18.52%,952xx,CA,< 1 year,0
20000,4/1/2018,Debt consolidation,,63.50%,685xx,NE,< 1 year,0
10000,4/1/2018,Other,501,33.80%,477xx,IN,n/a,0
1500,4/1/2018,Other,,0.70%,454xx,OH,< 1 year,0
10000,4/1/2018,Debt consolidation,607,0%,040xx,ME,< 1 year,0
1000,4/1/2018,Other,,100%,218xx,MD,< 1 year,0
9000,4/1/2018,Debt consolidation,,100%,789xx,TX,< 1 year,0
3000,4/1/2018,Debt consolidation,,1.63%,551xx,MN,< 1 year,0
5000,4/1/2018,Moving and relocation,,0.31%,312xx,GA,< 1 year,0
1000,4/1/2018,Other,,100%,300xx,GA,< 1 year,0
6000,4/1/2018,Debt consolidation,630,1.36%,132xx,NY,< 1 year,0
1000,4/1/2018,Credit card refinancing,,5.22%,456xx,OH,< 1 year,0
20000,4/1/2018,Debt consolidation,,17.03%,625xx,IL,< 1 year,0
10000,4/1/2018,Debt consolidation,,26.90%,743xx,OK,< 1 year,0
1000,4/1/2018,Other,,1%,105xx,NY,< 1 year,0
3000,4/1/2018,Other,,29%,914xx,CA,n/a,0
10000,4/1/2018,Other,,9.88%,565xx,MN,< 1 year,0
1500,4/1/2018,Home improvement,,3.30%,925xx,CA,< 1 year,0
13500,4/1/2018,Credit card refinancing,,16.68%,302xx,GA,< 1 year,0
2000,4/1/2018,Medical expenses,,86.85%,958xx,CA,< 1 year,0
5000,4/1/2018,Other,,0%,782xx,TX,< 1 year,0
5000,4/1/2018,Other,,1.92%,932xx,CA,< 1 year,0
1500,4/1/2018,Home improvement,,3.30%,925xx,CA,< 1 year,0
1500,4/1/2018,Debt consolidation,,9.60%,288xx,NC,< 1 year,0
20000,4/1/2018,Business,,100%,002xx,AR,< 1 year,0
5000,4/1/2018,Credit card refinancing,,9.78%,600xx,IL,< 1 year,0
1000,4/1/2018,Other,,15.10%,986xx,WA,< 1 year,0
10000,4/1/2018,Debt consolidation,,31.08%,368xx,AL,< 1 year,0
7500,4/1/2018,Home improvement,,5.98%,290xx,SC,< 1 year,0
10000,4/1/2018,Credit card refinancing,,50.03%,074xx,NJ,< 1 year,0
15000,4/1/2018,Credit card refinancing,,29.50%,902xx,CA,< 1 year,0
10000,4/1/2018,Credit card refinancing,,12.64%,025xx,MA,< 1 year,0
10000,4/1/2018,Debt consolidation,,13.01%,971xx,OR,< 1 year,0
1000,4/1/2018,Business,,100%,900xx,CA,< 1 year,0
2500,4/1/2018,Debt consolidation,,28.45%,339xx,FL,< 1 year,0
10000,4/1/2018,Debt consolidation,,23.11%,982xx,WA,< 1 year,0
40000,4/1/2018,Debt consolidation,,80.74%,863xx,AZ,< 1 year,0
5000,4/1/2018,Debt consolidation,,9.14%,104xx,NY,< 1 year,0
5000,4/1/2018,Debt consolidation,,7.53%,740xx,OK,< 1 year,0
10000,4/1/2018,Other,,116.47%,030xx,NH,< 1 year,0
5000,4/1/2018,Debt consolidation,,13.40%,631xx,MO,< 1 year,0
30000,4/1/2018,Debt consolidation,,42.38%,104xx,NY,< 1 year,0
5000,4/1/2018,Debt consolidation,,61.53%,457xx,OH,< 1 year,0
10000,4/1/2018,Debt consolidation,,2.91%,327xx,FL,< 1 year,0
1000,4/1/2018,Other,,4.02%,934xx,CA,< 1 year,0
20000,4/1/2018,Other,,19.76%,243xx,VA,< 1 year,0
10000,4/1/2018,Debt consolidation,,9.30%,300xx,GA,< 1 year,0
10000,4/1/2018,Debt consolidation,,12.12%,460xx,IN,< 1 year,0
10000,4/1/2018,Other,,100%,850xx,AZ,< 1 year,0
5000,4/1/2018,Vacation,,13.58%,908xx,CA,< 1 year,0
4000,4/1/2018,Credit card refinancing,,6.74%,125xx,NY,< 1 year,0
15000,4/1/2018,Debt consolidation,,49.32%,330xx,FL,< 1 year,0
8500,4/1/2018,Home improvement,,31.81%,284xx,NC,7 years,0
25000,4/1/2018,Home buying,,38.59%,254xx,WV,< 1 year,0
15000,4/1/2018,Home buying,,14.46%,162xx,PA,< 1 year,0
3000,4/1/2018,Debt consolidation,,280.28%,283xx,NC,< 1 year,0
10000,4/1/2018,Credit card refinancing,,100%,781xx,TX,< 1 year,0
2500,4/1/2018,Debt consolidation,,20.45%,307xx,GA,< 1 year,0
10000,4/1/2018,Credit card refinancing,,17.97%,088xx,NJ,< 1 year,0
30000,4/1/2018,Debt consolidation,,53.56%,481xx,MI,< 1 year,0
13000,4/1/2018,Credit card refinancing,,51%,144xx,NY,< 1 year,0
2500,4/1/2018,Debt consolidation,,25.33%,750xx,TX,< 1 year,0
20000,4/1/2018,Other,,1.66%,497xx,MI,< 1 year,0
20000,4/1/2018,Other,,9.58%,014xx,MA,< 1 year,0
35000,4/1/2018,Debt consolidation,,23.62%,014xx,MA,< 1 year,0
10000,4/1/2018,Credit card refinancing,,35.53%,442xx,OH,< 1 year,0
10000,4/1/2018,Home buying,,100%,442xx,OH,< 1 year,0
1000,4/1/2018,Vacation,,100%,770xx,TX,< 1 year,0
30000,4/1/2018,Debt consolidation,,24.37%,344xx,FL,< 1 year,0
20000,4/1/2018,Home buying,,20.59%,974xx,OR,< 1 year,0
20000,4/1/2018,Debt consolidation,,24.72%,797xx,TX,< 1 year,0
10000,4/1/2018,Credit card refinancing,,25.59%,280xx,NC,< 1 year,0
20000,4/1/2018,Other,,40.43%,912xx,CA,< 1 year,0
9000,4/1/2018,Debt consolidation,,6.77%,276xx,NC,< 1 year,0
10000,4/1/2018,Credit card refinancing,,63427%,432xx,OH,< 1 year,0
35000,4/1/2018,Credit card refinancing,,23.99%,300xx,GA,< 1 year,0
35000,4/1/2018,Other,,5.74%,701xx,LA,< 1 year,0
1500,4/1/2018,Other,,17.99%,027xx,MA,< 1 year,0
7300,4/1/2018,Credit card refinancing,,20.04%,212xx,MD,< 1 year,0
12175,4/1/2018,Car financing,,100%,146xx,NY,< 1 year,0
12000,4/1/2018,Credit card refinancing,,7.12%,928xx,CA,< 1 year,0
25000,4/1/2018,Credit card refinancing,,103.08%,344xx,FL,< 1 year,0
25000,4/1/2018,Other,,29.20%,225xx,VA,< 1 year,0
1500,4/1/2018,Other,,12.68%,361xx,AL,< 1 year,0
10000,4/1/2018,Home buying,,8.96%,296xx,SC,< 1 year,0
12000,4/1/2018,Other,,0.98%,234xx,VA,< 1 year,0
40000,4/1/2018,Business,,1.94%,940xx,CA,< 1 year,0
6500,4/1/2018,Car financing,,9.61%,302xx,GA,< 1 year,0
7000,4/1/2018,Debt consolidation,,100%,040xx,ME,< 1 year,0
5000,4/1/2018,Other,,7%,060xx,CT,< 1 year,0
10000,4/1/2018,Credit card refinancing,,40.44%,837xx,ID,< 1 year,0
2500,4/1/2018,Green loan,,50.89%,984xx,WA,< 1 year,0
90000,4/1/2018,Business Loan,,-1%,782xx,TX,< 1 year,0
5000,4/1/2018,Debt consolidation,,24%,773xx,TX,< 1 year,0
6000,4/1/2018,Debt consolidation,,100%,130xx,NY,< 1 year,0
7000,4/1/2018,Other,,1.07%,774xx,TX,< 1 year,0
10000,4/1/2018,Credit card refinancing,,7.16%,900xx,CA,< 1 year,0
35000,4/1/2018,Debt consolidation,,100%,786xx,TX,< 1 year,0
20000,4/1/2018,Other,,10.08%,335xx,FL,< 1 year,0
10000,4/1/2018,Debt consolidation,,50.53%,758xx,TX,< 1 year,0
15000,4/1/2018,Debt consolidation,,25.07%,374xx,TN,< 1 year,0
7000,4/1/2018,Other,689,32.79%,207xx,MD,< 1 year,0
6000,4/1/2018,Debt consolidation,,26.82%,301xx,GA,< 1 year,0
10000,4/1/2018,Credit card refinancing,,22.53%,925xx,CA,< 1 year,0
2000,4/1/2018,Other,,13.71%,191xx,PA,< 1 year,0
6500,4/1/2018,Credit card refinancing,,10.84%,473xx,IN,< 1 year,0
5500,4/1/2018,Debt consolidation,,17.16%,302xx,GA,< 1 year,0
40000,4/1/2018,Debt consolidation,,11.78%,331xx,FL,< 1 year,0
10000,4/1/2018,Credit card refinancing,,17.05%,222xx,VA,< 1 year,0
2000,4/1/2018,Other,,48.39%,342xx,FL,< 1 year,0
10000,4/1/2018,Credit card refinancing,,26.61%,620xx,IL,< 1 year,0
1500,4/1/2018,Other,,12.91%,258xx,WV,< 1 year,0
15000,4/1/2018,Debt consolidation,,10.66%,206xx,MD,< 1 year,0
10000,4/1/2018,Credit card refinancing,,195.52%,371xx,TN,< 1 year,0
10000,4/1/2018,Credit card refinancing,,40.15%,454xx,OH,< 1 year,0
4000,4/1/2018,Major purchase,,100%,913xx,CA,< 1 year,0
1500,4/1/2018,Major purchase,,16.35%,141xx,NY,< 1 year,0
5000,4/1/2018,Other,,2.25%,209xx,MD,< 1 year,0
10000,4/1/2018,Other,,0%,376xx,TN,< 1 year,0
10000,4/1/2018,Debt consolidation,,26.65%,338xx,FL,< 1 year,0
7200,4/1/2018,Other,,1.13%,114xx,NY,< 1 year,0
3000,4/1/2018,Other,,55.52%,178xx,PA,< 1 year,0
10000,4/1/2018,Credit card refinancing,,30300%,373xx,TN,< 1 year,0
8000,4/1/2018,Credit card refinancing,,11.81%,906xx,CA,< 1 year,0
35000,4/1/2018,Debt consolidation,,22.49%,554xx,MN,< 1 year,0
10000,4/1/2018,Debt consolidation,,100%,028xx,RI,< 1 year,0
40000,4/1/2018,Home buying,,0.61%,806xx,CO,< 1 year,0
10000,4/1/2018,Debt consolidation,,29.07%,770xx,TX,< 1 year,0
8000,4/1/2018,Major purchase,,16.07%,775xx,TX,< 1 year,0
1000,4/1/2018,Other,,34.43%,489xx,MI,< 1 year,0
5000,4/1/2018,Other,576,0%,331xx,FL,< 1 year,0
4500,4/1/2018,Moving and relocation,,0%,797xx,TX,< 1 year,0
10000,4/1/2018,Debt consolidation,,17.54%,272xx,NC,< 1 year,0
25000,4/1/2018,Home buying,,50.49%,273xx,NC,< 1 year,0
10000,4/1/2018,Home buying,,3.83%,330xx,FL,< 1 year,0
6000,4/1/2018,Medical expenses,,20.28%,454xx,OH,10+ years,0
2500,4/1/2018,Home buying,,17.25%,492xx,MI,< 1 year,0
30000,4/1/2018,Debt consolidation,,41.10%,322xx,FL,< 1 year,0
10000,4/1/2018,Credit card refinancing,,100%,220xx,VA,< 1 year,0
10000,4/1/2018,Major purchase,,0.54%,730xx,OK,< 1 year,0
10000,4/1/2018,Credit card refinancing,,25.26%,320xx,FL,< 1 year,0
2500,4/1/2018,Other,,21.51%,064xx,CT,< 1 year,0
10000,4/1/2018,Other,,18.60%,805xx,CO,< 1 year,0
10000,4/1/2018,Debt consolidation,,42.73%,197xx,DE,< 1 year,0
3000,4/1/2018,Moving and relocation,,0%,352xx,AL,< 1 year,0
2500,4/1/2018,Debt consolidation,,41.58%,373xx,TN,< 1 year,0
20000,4/1/2018,Credit card refinancing,,28.42%,727xx,AR,< 1 year,0
10000,4/1/2018,Home buying,,1.95%,321xx,FL,< 1 year,0
10000,4/1/2018,Credit card refinancing,,58.21%,064xx,CT,< 1 year,0
35000,4/1/2018,Other,,24.90%,797xx,TX,< 1 year,0
1000,4/1/2018,Major purchase,,3.10%,069xx,CT,< 1 year,0
18500,4/1/2018,Major purchase,,3.77%,751xx,TX,< 1 year,0
9000,4/1/2018,Other,,3.84%,631xx,MO,< 1 year,0
1500,4/1/2018,Medical expenses,,0%,800xx,CO,< 1 year,0
10000,4/1/2018,Credit card refinancing,,8.55%,191xx,PA,< 1 year,0
30000,4/1/2018,Credit card refinancing,,47.15%,880xx,NM,< 1 year,0
1000,4/1/2018,Other,,100%,125xx,NY,< 1 year,0
25000,4/1/2018,Debt consolidation,,32.98%,377xx,TN,< 1 year,0
13250,4/1/2018,Car financing,,100%,852xx,AZ,< 1 year,0
5000,4/1/2018,Credit card refinancing,,24.10%,038xx,NH,< 1 year,0
25000,4/1/2018,Debt consolidation,,45.34%,778xx,TX,< 1 year,0
1000,4/1/2018,Moving and relocation,,37.59%,927xx,CA,< 1 year,0
35000,4/1/2018,Other,,23.36%,275xx,NC,< 1 year,0
10000,4/1/2018,Moving and relocation,,32.22%,809xx,CO,< 1 year,0
1500,4/1/2018,Other,,53.64%,255xx,WV,< 1 year,0
1000,4/1/2018,Other,,23.88%,444xx,OH,< 1 year,0
10000,4/1/2018,Credit card refinancing,,58.78%,347xx,FL,< 1 year,0
3000,4/1/2018,Vacation,,22.01%,336xx,FL,< 1 year,0
20000,4/1/2018,Other,,49.05%,290xx,SC,< 1 year,0
5500,4/1/2018,Other,,11.50%,333xx,FL,< 1 year,0
5000,4/1/2018,Other,,28.72%,432xx,OH,< 1 year,0
10000,4/1/2018,Major purchase,,24.81%,484xx,MI,< 1 year,0
7500,4/1/2018,Credit card refinancing,,18.22%,100xx,NY,< 1 year,0
5000,4/1/2018,Vacation,570,0%,324xx,FL,< 1 year,0
15000,4/1/2018,Debt consolidation,,20.60%,329xx,FL,< 1 year,0
24000,4/1/2018,Car financing,,11.55%,011xx,MA,< 1 year,0
30000,4/1/2018,Debt consolidation,,88.67%,604xx,IL,< 1 year,0
10000,4/1/2018,Debt consolidation,,43.75%,027xx,MA,< 1 year,0
20000,4/1/2018,Debt consolidation,,7.57%,300xx,GA,< 1 year,0
1000,4/1/2018,Vacation,,3.93%,751xx,TX,n/a,0
10000,4/1/2018,Debt consolidation,,52.47%,328xx,FL,< 1 year,0
1000,4/1/2018,Debt consolidation,,100%,315xx,GA,< 1 year,0
10000,4/1/2018,Debt consolidation,,17.85%,069xx,CT,< 1 year,0
32000,4/1/2018,Debt consolidation,,19.35%,285xx,NC,< 1 year,0
5000,4/1/2018,Home buying,,0.14%,190xx,PA,< 1 year,0
10000,4/1/2018,Home buying,656,18.95%,484xx,MI,< 1 year,0
2500,4/1/2018,Debt consolidation,,18.07%,656xx,MO,< 1 year,0
10000,4/1/2018,Credit card refinancing,,25.43%,325xx,FL,< 1 year,0
18500,4/1/2018,Car financing,,7.95%,484xx,MI,< 1 year,0
30000,4/1/2018,Debt consolidation,,12.87%,681xx,NE,< 1 year,0
16000,4/1/2018,Debt consolidation,,12.98%,212xx,MD,< 1 year,0
3000,4/1/2018,Debt consolidation,,6.96%,210xx,MD,< 1 year,0
3000,4/1/2018,Other,658,0.92%,227xx,VA,< 1 year,0
12000,4/1/2018,Other,,4.65%,300xx,GA,< 1 year,0
40000,4/1/2018,Debt consolidation,,17.04%,373xx,TN,n/a,0
1000,4/1/2018,Home buying,,0%,900xx,CA,< 1 year,0
10000,4/1/2018,Credit card refinancing,,100%,201xx,VA,< 1 year,0
10000,4/1/2018,Debt consolidation,,28.33%,606xx,IL,< 1 year,0
5000,4/1/2018,Other,,15.28%,046xx,ME,< 1 year,0
1000,4/1/2018,Business,,18.34%,292xx,SC,< 1 year,0
1000,4/1/2018,Debt consolidation,,22.54%,109xx,NY,< 1 year,0
35000,4/1/2018,Debt consolidation,,12.34%,347xx,FL,< 1 year,0
1000,4/1/2018,Medical expenses,,3.65%,207xx,MD,< 1 year,0
30000,4/1/2018,Debt consolidation,,15.60%,330xx,FL,< 1 year,0
6500,4/1/2018,Debt consolidation,,44.68%,080xx,NJ,< 1 year,0
6500,4/1/2018,Debt consolidation,,25.15%,140xx,NY,< 1 year,0
1500,4/1/2018,Other,,6.59%,600xx,IL,< 1 year,0
35000,4/1/2018,Other,,35.06%,125xx,NY,< 1 year,0
15000,4/1/2018,Other,,17.51%,967xx,HI,< 1 year,0
15000,4/1/2018,Credit card refinancing,,12.98%,212xx,MD,< 1 year,0
15000,4/1/2018,Home improvement,,100%,207xx,MD,< 1 year,0
5000,4/1/2018,Debt consolidation,,12.73%,276xx,NC,< 1 year,0
5000,4/1/2018,Moving and relocation,,14.43%,018xx,MA,< 1 year,0
29800,4/1/2018,Car financing,,100%,342xx,FL,< 1 year,0
10000,4/1/2018,Debt consolidation,,41.88%,346xx,FL,< 1 year,0
25000,4/1/2018,Debt consolidation,,24.75%,541xx,WI,< 1 year,0
1000,4/1/2018,Other,,16.08%,337xx,FL,< 1 year,0
5000,4/1/2018,Credit card refinancing,,100%,378xx,TN,< 1 year,0
4000,4/1/2018,Debt consolidation,,17.48%,027xx,MA,< 1 year,0
40000,4/1/2018,Debt consolidation,,50.51%,112xx,NY,< 1 year,0
4000,4/1/2018,Other,,25.80%,554xx,MN,< 1 year,0
6000,4/1/2018,Debt consolidation,,27.67%,563xx,MN,< 1 year,0
25000,4/1/2018,Debt consolidation,,22.50%,781xx,TX,< 1 year,0
5000,4/1/2018,Credit card refinancing,,29.77%,342xx,FL,< 1 year,0
1500,4/1/2018,Debt consolidation,,13.62%,936xx,CA,< 1 year,0
7500,4/1/2018,Credit card refinancing,,13.60%,770xx,TX,< 1 year,0
5000,4/1/2018,Debt consolidation,,17.97%,731xx,OK,< 1 year,0
24500,4/1/2018,Debt consolidation,,21.72%,327xx,FL,< 1 year,0
5000,4/1/2018,Other,,376.53%,322xx,FL,< 1 year,0
7000,4/1/2018,Credit card refinancing,,16.65%,584xx,ND,< 1 year,0
10000,4/1/2018,Other,,30.73%,180xx,PA,< 1 year,0
5000,4/1/2018,Medical expenses,,10.34%,908xx,CA,< 1 year,0
30000,4/1/2018,Credit card refinancing,,46.28%,327xx,FL,< 1 year,0
12500,4/1/2018,Debt consolidation,863,10.88%,070xx,NJ,< 1 year,0
25000,4/1/2018,Credit card refinancing,,28.50%,985xx,WA,< 1 year,0
25000,4/1/2018,Debt consolidation,,37.63%,890xx,NV,< 1 year,0
3500,4/1/2018,Debt consolidation,,16.97%,914xx,CA,< 1 year,0
10000,4/1/2018,Credit card refinancing,,46.68%,300xx,GA,< 1 year,0
10000,4/1/2018,Credit card refinancing,,25.35%,326xx,FL,< 1 year,0
4000,4/1/2018,Other,,37.42%,301xx,GA,< 1 year,0
15000,4/1/2018,Debt consolidation,,11.88%,280xx,NC,< 1 year,0
10000,4/1/2018,Debt consolidation,,13.09%,606xx,IL,< 1 year,0
40000,4/1/2018,Other,,0.72%,112xx,NY,< 1 year,0
5000,4/1/2018,Other,,10.75%,933xx,CA,< 1 year,0
10000,4/1/2018,Credit card refinancing,,19.04%,222xx,VA,< 1 year,0
6000,4/1/2018,Medical expenses,,13.42%,296xx,SC,< 1 year,0
10000,4/1/2018,Other,,16.41%,232xx,VA,< 1 year,0
5000,4/1/2018,Other,,14.61%,214xx,MD,< 1 year,0
10000,4/1/2018,Debt consolidation,,8.67%,900xx,CA,< 1 year,0
1500,4/1/2018,Other,,316.07%,936xx,CA,< 1 year,0
3000,4/1/2018,Debt consolidation,,14.32%,115xx,NY,< 1 year,0
25000,4/1/2018,Car financing,,19.98%,212xx,MD,< 1 year,0
7000,4/1/2018,Debt consolidation,,100%,452xx,OH,< 1 year,0
5000,4/1/2018,Debt consolidation,,0%,658xx,MO,n/a,0
20000,4/1/2018,Debt consolidation,,58.16%,130xx,NY,< 1 year,0
25000,4/1/2018,Debt consolidation,,27.60%,486xx,MI,< 1 year,0
30000,4/1/2018,Credit card refinancing,,45.10%,087xx,NJ,< 1 year,0
5000,4/1/2018,Other,,15.43%,212xx,MD,< 1 year,0
1000,4/1/2018,Other,,100%,549xx,WI,< 1 year,0
20000,4/1/2018,Debt consolidation,,13%,021xx,MA,< 1 year,0
5000,4/1/2018,Major purchase,,45.22%,853xx,AZ,< 1 year,0
10000,4/1/2018,Debt consolidation,,23.53%,011xx,MA,< 1 year,0
10000,4/1/2018,Debt consolidation,,33.73%,200xx,DC,< 1 year,0
5000,4/1/2018,Debt consolidation,,15.96%,481xx,MI,< 1 year,0
40000,4/1/2018,Debt consolidation,,34.15%,968xx,HI,< 1 year,0
10000,4/1/2018,Debt consolidation,,44.50%,667xx,KS,< 1 year,0
10000,4/1/2018,Debt consolidation,,34.81%,336xx,FL,< 1 year,0
40000,4/1/2018,Credit card refinancing,,19.50%,180xx,PA,< 1 year,0
25000,4/1/2018,Credit card refinancing,,54.37%,214xx,MD,< 1 year,0
7000,4/1/2018,Credit card refinancing,,50.15%,371xx,TN,< 1 year,0
10000,4/1/2018,Debt consolidation,,1.84%,443xx,OH,< 1 year,0
40000,4/1/2018,Debt consolidation,,42.92%,324xx,FL,< 1 year,0
20000,4/1/2018,Credit card refinancing,,32.17%,432xx,OH,< 1 year,0
5000,4/1/2018,Business Loan,,-1%,075xx,NJ,< 1 year,0
3500,4/1/2018,Debt consolidation,,25.83%,339xx,FL,< 1 year,0
35000,4/1/2018,Debt consolidation,,40.87%,278xx,NC,< 1 year,0
10000,4/1/2018,Credit card refinancing,,14.35%,539xx,WI,< 1 year,0
4000,4/1/2018,Other,,2.19%,387xx,MS,< 1 year,0
10000,4/1/2018,Credit card refinancing,,13.73%,112xx,NY,< 1 year,0
20000,4/1/2018,Debt consolidation,,18.39%,018xx,MA,< 1 year,0
10000,4/1/2018,Debt consolidation,,21.36%,900xx,CA,< 1 year,0
10000,4/1/2018,Major purchase,,1.42%,281xx,NC,< 1 year,0
5000,4/1/2018,Debt consolidation,,26.41%,047xx,ME,< 1 year,0
5000,4/1/2018,Car financing,,1.80%,273xx,NC,< 1 year,0
10000,4/1/2018,Debt consolidation,,17.03%,703xx,LA,< 1 year,0
5000,4/1/2018,Other,685,0.24%,840xx,UT,< 1 year,0
8000,4/1/2018,Debt consolidation,,17.96%,488xx,MI,< 1 year,0
2000,4/1/2018,Other,,13.24%,827xx,WY,< 1 year,0
7500,4/1/2018,Debt consolidation,,10.22%,648xx,MO,< 1 year,0
3000,4/1/2018,Debt consolidation,,10.22%,197xx,DE,< 1 year,0
10000,4/1/2018,Debt consolidation,,15.40%,303xx,GA,< 1 year,0
25000,4/1/2018,Debt consolidation,,23.29%,122xx,NY,< 1 year,0
10000,4/1/2018,Debt consolidation,,21.89%,770xx,TX,< 1 year,0
25000,4/1/2018,Debt consolidation,,42.20%,329xx,FL,< 1 year,0
5500,4/1/2018,Debt consolidation,,11.74%,064xx,CT,< 1 year,0
18500,4/1/2018,Credit card refinancing,,40.60%,543xx,WI,< 1 year,0
5000,4/1/2018,Debt consolidation,,63.85%,034xx,NH,< 1 year,0
35000,4/1/2018,Debt consolidation,,31.50%,173xx,PA,< 1 year,0
5000,4/1/2018,Debt consolidation,,23.84%,246xx,VA,< 1 year,0
10000,4/1/2018,Home buying,,16.92%,280xx,NC,< 1 year,0
10000,4/1/2018,Home buying,,20.76%,640xx,MO,< 1 year,0
4000,4/1/2018,Debt consolidation,,2.31%,968xx,HI,< 1 year,0
1000,4/1/2018,Other,,28.46%,063xx,CT,< 1 year,0
1500,4/1/2018,Home buying,,3.65%,207xx,MD,< 1 year,0
10000,4/1/2018,Other,,12.69%,280xx,NC,< 1 year,0
10000,4/1/2018,Debt consolidation,,19.04%,222xx,VA,< 1 year,0
5000,4/1/2018,Medical expenses,606,0%,543xx,WI,< 1 year,0
12000,4/1/2018,Debt consolidation,,6.84%,347xx,FL,< 1 year,0
20000,4/1/2018,Debt consolidation,,1.55%,061xx,CT,< 1 year,0
25000,4/1/2018,Debt consolidation,,43.55%,361xx,AL,< 1 year,0
4000,4/1/2018,Credit card refinancing,,19.98%,922xx,CA,< 1 year,0
20000,4/1/2018,Moving and relocation,,22.52%,327xx,FL,< 1 year,0
20000,4/1/2018,Debt consolidation,,14.91%,313xx,GA,< 1 year,0
10000,4/1/2018,Business,,5.39%,919xx,CA,< 1 year,0
40000,4/1/2018,Debt consolidation,,56.61%,807xx,CO,< 1 year,0
1000,4/1/2018,Other,,5.90%,360xx,AL,< 1 year,0
4500,4/1/2018,Other,,22.84%,130xx,NY,< 1 year,0
10000,4/1/2018,Other,,15.16%,300xx,GA,< 1 year,0
10000,4/1/2018,Credit card refinancing,,30.41%,331xx,FL,< 1 year,0
8000,4/1/2018,Other,,2.07%,032xx,NH,< 1 year,0
5000,4/1/2018,Credit card refinancing,,29.50%,310xx,GA,< 1 year,0
15000,4/1/2018,Debt consolidation,,17.60%,161xx,PA,< 1 year,0
5000,4/1/2018,Debt consolidation,,19.24%,076xx,NJ,< 1 year,0
4000,4/1/2018,Other,,0.88%,891xx,NV,< 1 year,0
14700,4/1/2018,Major purchase,,9.33%,191xx,PA,10+ years,0
5000,4/1/2018,Debt consolidation,,37.34%,218xx,MD,< 1 year,0
1000,4/1/2018,Other,,0%,456xx,OH,< 1 year,0
20000,4/1/2018,Other,,1.49%,331xx,FL,< 1 year,0
10000,4/1/2018,Credit card refinancing,,83.53%,195xx,PA,< 1 year,0
10000,4/1/2018,Debt consolidation,,17.68%,064xx,CT,< 1 year,0
20000,4/1/2018,Debt consolidation,,42.38%,750xx,TX,< 1 year,0
30000,4/1/2018,Debt consolidation,,69.88%,117xx,NY,< 1 year,0
3000,4/1/2018,Debt consolidation,,0.79%,891xx,NV,< 1 year,0
10000,4/1/2018,Other,,15.05%,328xx,FL,< 1 year,0
14000,4/1/2018,Debt consolidation,,8.59%,217xx,MD,< 1 year,0
1500,4/1/2018,Debt consolidation,,0%,360xx,AL,< 1 year,0
25000,4/1/2018,Debt consolidation,,33.05%,325xx,FL,< 1 year,0
7500,4/1/2018,Debt consolidation,,53.32%,297xx,SC,< 1 year,0
10000,4/1/2018,Home buying,,12.27%,467xx,IN,< 1 year,0
4000,4/1/2018,Car financing,,14.85%,553xx,MN,< 1 year,0
10000,4/1/2018,Debt consolidation,,13.49%,705xx,LA,< 1 year,0
10000,4/1/2018,Debt consolidation,,13.49%,705xx,LA,< 1 year,0
10000,4/1/2018,Credit card refinancing,,34.55%,563xx,MN,< 1 year,0
6000,4/1/2018,Debt consolidation,,8.52%,322xx,FL,< 1 year,0
1000,4/1/2018,Debt consolidation,,1.71%,432xx,OH,< 1 year,0
10000,4/1/2018,Credit card refinancing,,100%,981xx,WA,< 1 year,0
10000,4/1/2018,Debt consolidation,,5.33%,342xx,FL,< 1 year,0
1500,4/1/2018,Other,,8.31%,308xx,GA,< 1 year,0
5000,4/1/2018,Debt consolidation,,0.02%,658xx,MO,< 1 year,0
35000,4/1/2018,Debt consolidation,,11.98%,490xx,MI,< 1 year,0
7000,4/1/2018,Other,,19.06%,280xx,NC,< 1 year,0
21000,4/1/2018,Other,,19.40%,478xx,IN,< 1 year,0
20000,4/1/2018,Home buying,,22.51%,040xx,ME,< 1 year,0
1000,4/1/2018,Debt consolidation,,62.57%,073xx,NJ,< 1 year,0
25000,4/1/2018,Other,,7.44%,496xx,MI,< 1 year,0
15000,4/1/2018,Debt consolidation,,47.81%,359xx,AL,< 1 year,0
3000,4/1/2018,Debt consolidation,,37.90%,124xx,NY,< 1 year,0
10000,4/1/2018,Other,,0%,402xx,KY,< 1 year,0
20000,4/1/2018,Other,,8.50%,441xx,OH,< 1 year,0
40000,4/1/2018,Car financing,,2.40%,710xx,LA,< 1 year,0
35000,4/1/2018,Debt consolidation,,27.60%,234xx,VA,< 1 year,0
20000,4/1/2018,Credit card refinancing,,30.18%,175xx,PA,< 1 year,0
15000,4/1/2018,Business Loan,,-1%,301xx,GA,< 1 year,0
40000,4/1/2018,Debt consolidation,,52.53%,799xx,TX,< 1 year,0
2500,4/1/2018,Debt consolidation,,16.23%,021xx,MA,< 1 year,0
10000,4/1/2018,Credit card refinancing,,67.72%,146xx,NY,< 1 year,0
30000,4/1/2018,Other,,26.43%,480xx,MI,< 1 year,0
10000,4/1/2018,Debt consolidation,,23.92%,032xx,NH,8 years,0
20000,4/1/2018,Credit card refinancing,,30.78%,541xx,WI,< 1 year,0
5000,4/1/2018,Debt consolidation,,12.62%,125xx,NY,< 1 year,0
10000,4/1/2018,Home buying,577,0%,422xx,KY,< 1 year,0
10000,4/1/2018,Credit card refinancing,584,53.11%,763xx,TX,< 1 year,0
8500,4/1/2018,Debt consolidation,,31.75%,622xx,IL,< 1 year,0
10000,4/1/2018,Other,,100%,011xx,MA,< 1 year,0
1500,4/1/2018,Credit card refinancing,,28.18%,727xx,AR,< 1 year,0
1000,4/1/2018,Credit card refinancing,,18.58%,701xx,LA,< 1 year,0
20000,4/1/2018,Debt consolidation,,22.28%,212xx,MD,< 1 year,0
5000,4/1/2018,Other,,7.39%,347xx,FL,< 1 year,0
1000,4/1/2018,Other,,33.20%,062xx,CT,< 1 year,0
1000,4/1/2018,Other,,13.99%,613xx,IL,< 1 year,0
10000,4/1/2018,Credit card refinancing,,23.61%,606xx,IL,< 1 year,0
6000,4/1/2018,Home buying,,20.56%,793xx,TX,< 1 year,0
15000,4/1/2018,Debt consolidation,,4.64%,125xx,NY,< 1 year,0
35000,4/1/2018,Debt consolidation,,12.98%,296xx,SC,< 1 year,0
3000,4/1/2018,Debt consolidation,,44.63%,327xx,FL,< 1 year,0
10000,4/1/2018,Credit card refinancing,,25.77%,705xx,LA,< 1 year,0
40000,4/1/2018,Home buying,,6.27%,606xx,IL,< 1 year,0
4000,4/1/2018,Other,,177.85%,100xx,NY,< 1 year,0
5000,4/1/2018,Moving and relocation,,32.79%,480xx,MI,< 1 year,0
25000,4/1/2018,Credit card refinancing,,26.21%,391xx,MS,< 1 year,0
10000,4/1/2018,Other,,5.65%,335xx,FL,< 1 year,0
3000,4/1/2018,Moving and relocation,,0%,325xx,FL,< 1 year,0
10000,4/1/2018,Debt consolidation,,37.11%,065xx,CT,< 1 year,0
5000,4/1/2018,Debt consolidation,,1.97%,021xx,MA,< 1 year,0
10000,4/1/2018,Other,,41.86%,405xx,KY,< 1 year,0
1500,4/1/2018,Debt consolidation,,9.82%,759xx,TX,< 1 year,0
5000,4/1/2018,Debt consolidation,,131.90%,200xx,DC,< 1 year,0
3500,4/1/2018,Major purchase,,33.20%,151xx,PA,< 1 year,0
17500,4/1/2018,Car financing,,100%,271xx,NC,< 1 year,0
35000,4/1/2018,Credit card refinancing,,100%,773xx,TX,< 1 year,0
6000,4/1/2018,Debt consolidation,,14.86%,440xx,OH,< 1 year,0
6000,4/1/2018,Other,,8.82%,488xx,MI,< 1 year,0
10000,4/1/2018,Debt consolidation,,0%,286xx,NC,< 1 year,0
40000,4/1/2018,Credit card refinancing,,49.78%,217xx,MD,< 1 year,0
2400,4/1/2018,Medical expenses,,167.69%,237xx,VA,< 1 year,0
10000,4/1/2018,Debt consolidation,,31.30%,071xx,NJ,< 1 year,0
2500,4/1/2018,Other,,0%,606xx,IL,< 1 year,0
6000,4/1/2018,Debt consolidation,,19.27%,133xx,NY,< 1 year,0
18000,4/1/2018,Car financing,,10.80%,328xx,FL,< 1 year,0
12000,4/1/2018,Major purchase,,29.60%,344xx,FL,< 1 year,0
25000,4/1/2018,Debt consolidation,,2.99%,967xx,HI,< 1 year,0
1000,4/1/2018,Debt consolidation,,15.27%,341xx,FL,< 1 year,0
20000,4/1/2018,Debt consolidation,,10.17%,303xx,GA,< 1 year,0
6000,4/1/2018,Debt consolidation,,27.02%,968xx,HI,< 1 year,0
10000,4/1/2018,Other,,15.93%,240xx,VA,< 1 year,0
25000,4/1/2018,Credit card refinancing,,100%,040xx,ME,< 1 year,0
2500,4/1/2018,Car financing,,15.49%,291xx,SC,< 1 year,0
3500,4/1/2018,Home improvement,,26.30%,166xx,PA,< 1 year,0
1000,4/1/2018,Major purchase,,2.61%,770xx,TX,< 1 year,0
10000,4/1/2018,Debt consolidation,,30.93%,026xx,MA,< 1 year,0
10000,4/1/2018,Major purchase,,20.10%,431xx,OH,< 1 year,0
10000,4/1/2018,Credit card refinancing,,24.23%,066xx,CT,< 1 year,0
10000,4/1/2018,Medical expenses,,100%,901xx,UT,< 1 year,0
5000,4/1/2018,Credit card refinancing,,11.68%,787xx,TX,< 1 year,0
5000,4/1/2018,Credit card refinancing,,1.88%,291xx,SC,< 1 year,0
10000,4/1/2018,Credit card refinancing,,2.04%,397xx,MS,< 1 year,0
15000,4/1/2018,Credit card refinancing,,29.86%,404xx,KY,< 1 year,0
13000,4/1/2018,Credit card refinancing,,41.53%,751xx,TX,< 1 year,0
3000,4/1/2018,Other,,1.37%,490xx,MI,< 1 year,0
10000,4/1/2018,Other,,4.16%,809xx,CO,< 1 year,0
2500,4/1/2018,Debt consolidation,,22.68%,061xx,CT,< 1 year,0
15000,4/1/2018,Credit card refinancing,,44.78%,286xx,NC,< 1 year,0
10000,4/1/2018,Other,,21.28%,763xx,TX,< 1 year,0
1500,4/1/2018,Other,,14.77%,217xx,MD,< 1 year,0
13000,4/1/2018,Other,,12.04%,401xx,KY,< 1 year,0
20000,4/1/2018,Other,,5%,980xx,WA,< 1 year,0
3000,4/1/2018,Credit card refinancing,,10.65%,652xx,MO,< 1 year,0
2000,4/1/2018,Debt consolidation,,9.70%,305xx,GA,< 1 year,0
1500,4/1/2018,Other,,20.40%,131xx,NY,< 1 year,0
21000,4/1/2018,Home buying,,33.71%,240xx,VA,< 1 year,0
12500,4/1/2018,Debt consolidation,,27.09%,153xx,PA,< 1 year,0
10000,4/1/2018,Debt consolidation,,17.63%,480xx,MI,< 1 year,0
2000,4/1/2018,Home buying,,0.13%,338xx,FL,< 1 year,0
10000,4/1/2018,Home buying,,0.93%,549xx,WI,< 1 year,0
7500,4/1/2018,Other,,46.63%,553xx,MN,< 1 year,0
2500,4/1/2018,Debt consolidation,,35.53%,432xx,OH,< 1 year,0
1500,4/1/2018,Moving and relocation,,10.27%,232xx,VA,7 years,0
10000,4/1/2018,Debt consolidation,,13.91%,021xx,MA,< 1 year,0
40000,4/1/2018,Car financing,,3.84%,483xx,MI,< 1 year,0
5000,4/1/2018,Medical expenses,578,0%,708xx,LA,< 1 year,0
5000,4/1/2018,Other,,25.32%,775xx,TX,< 1 year,0
35000,4/1/2018,Debt consolidation,,60.58%,633xx,MO,< 1 year,0
2500,4/1/2018,Other,,102.83%,464xx,IN,< 1 year,0
10000,4/1/2018,Credit card refinancing,,27.08%,765xx,TX,< 1 year,0
10000,4/1/2018,Credit card refinancing,,34.50%,435xx,OH,< 1 year,0
30000,4/1/2018,Major purchase,,7.32%,588xx,ND,< 1 year,0
15000,4/1/2018,Debt consolidation,,25.71%,144xx,NY,< 1 year,0
40000,4/1/2018,Debt consolidation,,33.66%,773xx,TX,< 1 year,0
25000,4/1/2018,Credit card refinancing,,40.78%,532xx,WI,< 1 year,0
4000,4/1/2018,Debt consolidation,,11.62%,978xx,OR,< 1 year,0
20000,4/1/2018,Debt consolidation,,7.80%,070xx,NJ,< 1 year,0
8675,4/1/2018,Other,,39.42%,086xx,NJ,< 1 year,0
2000,4/1/2018,Debt consolidation,,0.89%,114xx,NY,< 1 year,0
25000,4/1/2018,Debt consolidation,,33.80%,480xx,MI,< 1 year,0
10000,4/1/2018,Credit card refinancing,,100.62%,436xx,OH,< 1 year,0
5000,4/1/2018,Debt consolidation,,19.50%,249xx,WV,< 1 year,0
10000,4/1/2018,Debt consolidation,,5.23%,019xx,MA,< 1 year,0
10000,4/1/2018,Credit card refinancing,,21.03%,108xx,NY,< 1 year,0
10000,4/1/2018,Debt consolidation,,21.44%,530xx,WI,< 1 year,0
10000,4/1/2018,Other,,6.31%,077xx,NJ,< 1 year,0
10000,4/1/2018,Other,,10.27%,760xx,TX,< 1 year,0
10000,4/1/2018,Debt consolidation,,23.64%,757xx,TX,< 1 year,0
10000,4/1/2018,Other,,6.28%,549xx,WI,< 1 year,0
40000,4/1/2018,Debt consolidation,,23.71%,801xx,CO,< 1 year,0
5000,4/1/2018,Home buying,650,0.20%,310xx,GA,< 1 year,0
15000,4/1/2018,Debt consolidation,,4.33%,460xx,IN,< 1 year,0
8000,4/1/2018,Debt consolidation,,20566.67%,339xx,FL,< 1 year,0
7000,4/1/2018,Other,,32.91%,130xx,NY,< 1 year,0
1500,4/1/2018,Debt consolidation,,8.63%,900xx,CA,< 1 year,0
1800,4/1/2018,Credit card refinancing,,27.36%,274xx,NC,< 1 year,0
10000,4/1/2018,Credit card refinancing,,4.20%,452xx,OH,< 1 year,0
20000,4/1/2018,Debt consolidation,,19.42%,112xx,NY,1 year,0
2500,4/1/2018,Debt consolidation,,16.53%,652xx,MO,< 1 year,0
40000,4/1/2018,Debt consolidation,,14.46%,606xx,IL,< 1 year,0
20000,4/1/2018,Debt consolidation,,43.26%,173xx,PA,< 1 year,0
20000,4/1/2018,Credit card refinancing,,42.54%,137xx,NY,< 1 year,0
10000,4/1/2018,Other,,35.46%,493xx,MI,< 1 year,0
5000,4/1/2018,Other,,14.99%,719xx,AR,< 1 year,0
40000,4/1/2018,Debt consolidation,,1%,403xx,KY,< 1 year,0
10000,4/1/2018,Other,,0.15%,480xx,MI,< 1 year,0
4800,4/1/2018,Credit card refinancing,,52.18%,356xx,AL,< 1 year,0
5000,4/1/2018,Debt consolidation,,10.12%,070xx,NJ,< 1 year,0
12375,4/1/2018,Credit card refinancing,,37.09%,773xx,TX,< 1 year,0
5000,4/1/2018,Other,,137%,337xx,FL,< 1 year,0
30000,4/1/2018,Debt consolidation,,32.89%,355xx,AL,< 1 year,0
2500,4/1/2018,Home buying,,59.20%,329xx,FL,< 1 year,0
10000,4/1/2018,Major purchase,,26.46%,855xx,AZ,< 1 year,0
7000,4/1/2018,Credit card refinancing,,36.93%,793xx,TX,< 1 year,0
5000,4/1/2018,Other,,19.07%,278xx,NC,< 1 year,0
5000,4/1/2018,Moving and relocation,,3.90%,972xx,OR,< 1 year,0
11825,4/1/2018,Credit card refinancing,,16.78%,472xx,IN,< 1 year,0
16000,4/1/2018,Debt consolidation,,13.06%,113xx,NY,< 1 year,0
32000,4/1/2018,Debt consolidation,,8.84%,432xx,OH,< 1 year,0
5000,4/1/2018,Other,,15.52%,481xx,MI,< 1 year,0
250000,4/1/2018,Business Loan,,-1%,170xx,PA,< 1 year,0
10000,4/1/2018,Business Loan,,-1%,482xx,MI,< 1 year,0
2000,4/1/2018,Home buying,,49.16%,707xx,LA,< 1 year,0
10000,4/1/2018,Debt consolidation,,2.28%,300xx,GA,< 1 year,0
5000,4/1/2018,Business,,23.64%,217xx,MD,< 1 year,0
8000,4/1/2018,Other,,121.80%,465xx,IN,< 1 year,0
1000,4/1/2018,Medical expenses,,0%,992xx,WA,< 1 year,0
40000,4/1/2018,Debt consolidation,,21.12%,482xx,MI,< 1 year,0
3500,4/1/2018,Home buying,,24.54%,166xx,PA,< 1 year,0
5000,4/1/2018,Vacation,,26.67%,166xx,PA,< 1 year,0
15000,4/1/2018,Medical expenses,,25.40%,076xx,NJ,< 1 year,0
20000,4/1/2018,Debt consolidation,,40.70%,919xx,CA,< 1 year,0
2000,4/1/2018,Debt consolidation,,17.09%,382xx,TN,< 1 year,0
12875,4/1/2018,Credit card refinancing,,30.30%,038xx,NH,< 1 year,0
10000,4/1/2018,Debt consolidation,,21.27%,358xx,AL,< 1 year,0
5000,4/1/2018,Major purchase,,40.21%,380xx,TN,< 1 year,0
10000,4/1/2018,Credit card refinancing,,19.58%,436xx,OH,< 1 year,0
5000,4/1/2018,Other,,22.71%,373xx,TN,< 1 year,0
10000,4/1/2018,Other,,26.06%,775xx,TX,< 1 year,0
1000,4/1/2018,Medical expenses,,30.40%,034xx,NH,< 1 year,0
14000,4/1/2018,Credit card refinancing,,38.44%,444xx,OH,< 1 year,0
30000,4/1/2018,Debt consolidation,,29.33%,295xx,SC,< 1 year,0
15000,4/1/2018,Debt consolidation,,16.93%,376xx,TN,< 1 year,0
15000,4/1/2018,Debt consolidation,,11.26%,530xx,WI,< 1 year,0
10000,4/1/2018,Debt consolidation,,29.74%,015xx,MA,< 1 year,0
10000,4/1/2018,Credit card refinancing,,26.88%,352xx,AL,< 1 year,0
12000,4/1/2018,Credit card refinancing,,19.29%,751xx,TX,< 1 year,0
2500,4/1/2018,Debt consolidation,,11.02%,490xx,MI,< 1 year,0
15000,4/1/2018,Major purchase,,0.82%,153xx,PA,< 1 year,0
10000,4/1/2018,Debt consolidation,,10.22%,070xx,NJ,< 1 year,0
10000,4/1/2018,Debt consolidation,,24.64%,061xx,CT,< 1 year,0
10000,4/1/2018,Home buying,,8.35%,339xx,FL,< 1 year,0
30000,4/1/2018,Debt consolidation,,31.45%,984xx,WA,< 1 year,0
5000,4/1/2018,Home buying,,35.20%,275xx,NC,< 1 year,0
5000,4/1/2018,Debt consolidation,,10.72%,087xx,NJ,< 1 year,0
5000,4/1/2018,Other,,25.99%,727xx,AR,< 1 year,0
1000,4/1/2018,Credit card refinancing,,14.91%,662xx,KS,< 1 year,0
1600,4/1/2018,Major purchase,,43.37%,775xx,TX,< 1 year,0
20000,4/1/2018,Credit card refinancing,,36.91%,605xx,IL,< 1 year,0
3500,4/1/2018,Debt consolidation,,0.92%,294xx,SC,< 1 year,0
10000,4/1/2018,Credit card refinancing,,8.75%,120xx,NY,< 1 year,0
10000,4/1/2018,Debt consolidation,,32.23%,174xx,PA,< 1 year,0
30000,4/1/2018,Business,,23.95%,800xx,CO,< 1 year,0
40000,4/1/2018,Debt consolidation,,19.77%,551xx,MN,< 1 year,0
40000,4/1/2018,Debt consolidation,,25.26%,321xx,FL,< 1 year,0
5000,4/1/2018,Debt consolidation,,34.81%,064xx,CT,< 1 year,0
2000,4/1/2018,Other,,36.08%,150xx,PA,< 1 year,0
5000,4/1/2018,Major purchase,,9.10%,378xx,TN,< 1 year,0
25000,4/1/2018,Debt consolidation,,30.77%,422xx,KY,< 1 year,0
10000,4/1/2018,Credit card refinancing,,36.75%,080xx,NJ,< 1 year,0
10000,4/1/2018,Credit card refinancing,,53.65%,300xx,GA,< 1 year,0
2500,4/1/2018,Debt consolidation,,100%,780xx,TX,< 1 year,0
10000,4/1/2018,Business,,30.79%,347xx,FL,< 1 year,0
4000,4/1/2018,Debt consolidation,,45%,667xx,KS,< 1 year,0
5000,4/1/2018,Debt consolidation,,31.19%,672xx,KS,< 1 year,0
2500,4/1/2018,Debt consolidation,,32.06%,549xx,WI,< 1 year,0
10000,4/1/2018,Debt consolidation,,7.86%,175xx,PA,< 1 year,0
5000,4/1/2018,Debt consolidation,,23.92%,686xx,NE,< 1 year,0
2400,4/1/2018,Other,,7.24%,344xx,FL,< 1 year,0
10000,4/1/2018,Home improvement,,16.83%,335xx,FL,10+ years,0
6000,4/1/2018,Credit card refinancing,,12.63%,940xx,CA,< 1 year,0
2500,4/1/2018,Medical expenses,,2.24%,361xx,AL,< 1 year,0
10000,4/1/2018,Credit card refinancing,,35.16%,140xx,NY,< 1 year,0
10000,4/1/2018,Credit card refinancing,,17.68%,104xx,NY,< 1 year,0
10000,4/1/2018,Debt consolidation,,31.98%,029xx,RI,< 1 year,0
10000,4/1/2018,Other,530,0.14%,456xx,OH,< 1 year,0
10000,4/1/2018,Debt consolidation,,27%,386xx,MS,< 1 year,0
40000,4/1/2018,Debt consolidation,,324%,232xx,VA,< 1 year,0
4500,4/1/2018,Debt consolidation,,36.11%,177xx,PA,< 1 year,0
5000,4/1/2018,Home improvement,,100%,052xx,MI,< 1 year,0
5000,4/1/2018,Business Loan,,-1%,121xx,CO,< 1 year,0
10000,4/1/2018,Other,,15.74%,324xx,FL,< 1 year,0
25000,4/1/2018,Other,,1.43%,018xx,MA,< 1 year,0
5000,4/1/2018,Credit card refinancing,,100%,945xx,CA,< 1 year,0
6000,4/1/2018,Other,,0.91%,891xx,NV,< 1 year,0
15000,4/1/2018,Debt consolidation,,12.89%,704xx,LA,< 1 year,0
28000,4/1/2018,Credit card refinancing,,43.50%,201xx,VA,< 1 year,0
5000,4/1/2018,Car financing,,7.40%,458xx,OH,< 1 year,0
8000,4/1/2018,Major purchase,,0%,088xx,NJ,< 1 year,0
10000,4/1/2018,Credit card refinancing,,8.19%,349xx,FL,< 1 year,0
1000,4/1/2018,Other,,8.08%,232xx,VA,< 1 year,0
8500,4/1/2018,Credit card refinancing,,30.44%,187xx,PA,< 1 year,0
4000,4/1/2018,Credit card refinancing,,66.17%,490xx,MI,< 1 year,0
20000,4/1/2018,Debt consolidation,,26.16%,765xx,TX,< 1 year,0
6000,4/1/2018,Other,,17.22%,618xx,IL,< 1 year,0
5000,4/1/2018,Credit card refinancing,,5.32%,125xx,NY,< 1 year,0
40000,4/1/2018,Debt consolidation,,32.58%,786xx,TX,< 1 year,0
10000,4/1/2018,Other,,15.75%,948xx,CA,< 1 year,0
15000,4/1/2018,Credit card refinancing,,97.08%,186xx,PA,< 1 year,0
10000,4/1/2018,Debt consolidation,,100%,633xx,MO,< 1 year,0
25000,4/1/2018,Debt consolidation,,42.22%,325xx,FL,< 1 year,0
2000,4/1/2018,Other,,1.05%,214xx,MD,< 1 year,0
15000,4/1/2018,Debt consolidation,,84.95%,657xx,MO,< 1 year,0
4000,4/1/2018,Other,,17.35%,454xx,OH,< 1 year,0
1000,4/1/2018,Other,,32.52%,366xx,AL,< 1 year,0
6000,4/1/2018,Other,613,0%,550xx,MN,< 1 year,0
3000,4/1/2018,Medical expenses,,13.57%,103xx,NY,< 1 year,0
5000,4/1/2018,Credit card refinancing,,44.87%,606xx,IL,< 1 year,0
10000,4/1/2018,Debt consolidation,,31.19%,672xx,KS,< 1 year,0
10000,4/1/2018,Home buying,,0.07%,432xx,OH,< 1 year,0
21825,4/1/2018,Car financing,,100%,768xx,TX,< 1 year,0
40000,4/1/2018,Home buying,,0.12%,774xx,TX,< 1 year,0
2500,4/1/2018,Debt consolidation,,3.69%,937xx,CA,< 1 year,0
5000,4/1/2018,Debt consolidation,,5.50%,370xx,TN,< 1 year,0
10000,4/1/2018,Debt consolidation,,13.94%,480xx,MI,< 1 year,0
10000,4/1/2018,Other,,2.47%,396xx,MS,< 1 year,0
3000,4/1/2018,Other,,5.89%,850xx,AZ,< 1 year,0
40000,4/1/2018,Credit card refinancing,,34.65%,117xx,NY,< 1 year,0
10000,4/1/2018,Debt consolidation,,13.89%,191xx,PA,< 1 year,0
10000,4/1/2018,Debt consolidation,,1.11%,049xx,ME,< 1 year,0
30000,4/1/2018,Debt consolidation,,11.94%,852xx,AZ,< 1 year,0
10000,4/1/2018,Debt consolidation,,22.18%,112xx,NY,< 1 year,0
10000,4/1/2018,Other,,15.93%,773xx,TX,< 1 year,0
10000,4/1/2018,Credit card refinancing,,23.50%,850xx,AZ,< 1 year,0
6000,4/1/2018,Credit card refinancing,,185.62%,270xx,NC,< 1 year,0
4000,4/1/2018,Other,,100%,070xx,NJ,< 1 year,0
4000,4/1/2018,Other,,37.10%,307xx,GA,< 1 year,0
33000,4/1/2018,Debt consolidation,,27.92%,232xx,VA,< 1 year,0
10000,4/1/2018,Debt consolidation,,7010%,104xx,NY,< 1 year,0
20000,4/1/2018,Medical expenses,,48.89%,349xx,FL,< 1 year,0
20000,4/1/2018,Major purchase,,1.93%,112xx,NY,< 1 year,0
3000,4/1/2018,Debt consolidation,,19.33%,376xx,TN,< 1 year,0
7000,4/1/2018,Other,,20.61%,221xx,VA,< 1 year,0
6000,4/1/2018,Other,,62.19%,178xx,PA,< 1 year,0
12000,4/1/2018,Credit card refinancing,,40%,460xx,IN,< 1 year,0
4000,4/1/2018,Debt consolidation,,16.23%,853xx,AZ,< 1 year,0
4500,4/1/2018,Major purchase,,29.57%,220xx,VA,< 1 year,0
10000,4/1/2018,Debt consolidation,,33.57%,189xx,PA,< 1 year,0
4000,4/1/2018,Other,,48.36%,103xx,NY,< 1 year,0
10000,4/1/2018,Debt consolidation,,2%,293xx,SC,< 1 year,0
1000,4/1/2018,Other,,100%,302xx,GA,< 1 year,0
8000,4/1/2018,Debt consolidation,,7.86%,945xx,CA,< 1 year,0
30000,4/1/2018,Other,,0.70%,327xx,FL,< 1 year,0
10000,4/1/2018,Credit card refinancing,,46.35%,331xx,FL,< 1 year,0
30000,4/1/2018,Debt consolidation,,23.10%,276xx,NC,< 1 year,0
13000,4/1/2018,Credit card refinancing,,21.67%,570xx,SD,4 years,0
2325,4/1/2018,Other,,100%,080xx,NJ,< 1 year,0
30000,4/1/2018,Major purchase,,10.94%,323xx,SC,< 1 year,0
5000,4/1/2018,Other,,73.79%,212xx,MD,< 1 year,0
11000,4/1/2018,Debt consolidation,,25.41%,130xx,NY,< 1 year,0
1000,4/1/2018,Other,,2.02%,330xx,FL,< 1 year,0
10000,4/1/2018,Debt consolidation,,100%,646xx,MI,< 1 year,0
18450,4/1/2018,Credit card refinancing,,15.94%,023xx,MA,< 1 year,0
10000,4/1/2018,Other,,100%,328xx,FL,< 1 year,0
25000,4/1/2018,Debt consolidation,,18.94%,207xx,MD,< 1 year,0
10000,4/1/2018,Home buying,,59.78%,891xx,NV,< 1 year,0
20000,4/1/2018,Debt consolidation,,38.72%,438xx,OH,< 1 year,0
2000,4/1/2018,Credit card refinancing,,15.58%,333xx,FL,< 1 year,0
2000,4/1/2018,Moving and relocation,,1.22%,496xx,MI,< 1 year,0
3000,4/1/2018,Debt consolidation,,0%,728xx,AR,< 1 year,0
10000,4/1/2018,Debt consolidation,,12.56%,945xx,CA,< 1 year,0
5000,4/1/2018,Debt consolidation,,18.12%,722xx,AR,< 1 year,0
40000,4/1/2018,Home improvement,,21.97%,483xx,MI,< 1 year,0
12000,4/1/2018,Debt consolidation,,13.32%,212xx,MD,2 years,0
2500,4/1/2018,Moving and relocation,,22.12%,322xx,FL,< 1 year,0
10000,4/1/2018,Vacation,,56.07%,787xx,TX,< 1 year,0
6000,4/1/2018,Debt consolidation,,15.04%,330xx,FL,< 1 year,0
25000,4/1/2018,Debt consolidation,,40.73%,301xx,GA,< 1 year,0
10000,4/1/2018,Debt consolidation,,43.67%,184xx,PA,< 1 year,0
5000,4/1/2018,Home buying,525,0.68%,286xx,NC,< 1 year,0
10000,4/1/2018,Major purchase,,2.92%,088xx,NJ,< 1 year,0
7500,4/1/2018,Credit card refinancing,,12.52%,057xx,VT,< 1 year,0
1200,4/1/2018,Home improvement,,30.24%,301xx,GA,< 1 year,0
1200,4/1/2018,Debt consolidation,,0%,722xx,AR,< 1 year,0
6000,4/1/2018,Car financing,,100%,606xx,IL,< 1 year,0
10000,4/1/2018,Debt consolidation,,11.23%,064xx,CT,< 1 year,0
10000,4/1/2018,Credit card refinancing,,15.75%,450xx,OH,< 1 year,0
6000,4/1/2018,Credit card refinancing,,17.72%,331xx,FL,< 1 year,0
10000,4/1/2018,Credit card refinancing,,40.26%,312xx,GA,< 1 year,0
1000,4/1/2018,Moving and relocation,,39.11%,946xx,CA,< 1 year,0
35000,4/1/2018,Other,,14.29%,580xx,ND,< 1 year,0
20000,4/1/2018,Debt consolidation,,25.45%,750xx,TX,< 1 year,0
28000,4/1/2018,Debt consolidation,,100%,750xx,TX,< 1 year,0
12000,4/1/2018,Credit card refinancing,,5.15%,926xx,CA,< 1 year,0
15000,4/1/2018,Other,579,22.04%,450xx,OH,< 1 year,0
7000,4/1/2018,Car financing,702,13.33%,704xx,LA,< 1 year,0
3000,4/1/2018,Moving and relocation,,20.69%,070xx,NJ,< 1 year,0
27000,4/1/2018,Debt consolidation,,38.06%,319xx,GA,< 1 year,0
10000,4/1/2018,Debt consolidation,,15.63%,752xx,TX,< 1 year,0
3500,4/1/2018,Other,,2.91%,800xx,CO,< 1 year,0
3000,4/1/2018,Debt consolidation,,22.27%,787xx,TX,< 1 year,0
6000,4/1/2018,Credit card refinancing,,25.68%,770xx,TX,< 1 year,0
14000,4/1/2018,Credit card refinancing,,12.45%,236xx,VA,< 1 year,0
1000,4/1/2018,Credit card refinancing,,11.89%,454xx,OH,< 1 year,0
20000,4/1/2018,Other,,32.86%,313xx,GA,< 1 year,0
25000,4/1/2018,Major purchase,,19.89%,483xx,MI,< 1 year,0
5000,4/1/2018,Debt consolidation,,2.48%,300xx,GA,< 1 year,0
5000,4/1/2018,Other,,9.80%,300xx,GA,< 1 year,0
12000,4/1/2018,Home buying,,2.40%,330xx,FL,< 1 year,0
20000,4/1/2018,Home buying,,66.97%,420xx,KY,< 1 year,0
5000,4/1/2018,Other,,13.77%,666xx,KS,< 1 year,0
4000,4/1/2018,Debt consolidation,,4.33%,489xx,MI,< 1 year,0
3000,4/1/2018,Other,,13.06%,200xx,DC,< 1 year,0
2500,4/1/2018,Other,,156%,301xx,GA,< 1 year,0
6000,4/1/2018,Debt consolidation,,48.60%,880xx,NM,< 1 year,0
35000,4/1/2018,Credit card refinancing,,45.81%,331xx,FL,< 1 year,0
5000,4/1/2018,Debt consolidation,,5.93%,282xx,NC,< 1 year,0
3000,4/1/2018,Other,,11.80%,410xx,KY,< 1 year,0
1000,4/1/2018,Other,,17.72%,337xx,FL,< 1 year,0
15000,4/1/2018,Credit card refinancing,,19.12%,336xx,FL,< 1 year,0
5000,4/1/2018,Major purchase,,0.67%,104xx,NY,< 1 year,0
6000,4/1/2018,Debt consolidation,,27.23%,070xx,NJ,< 1 year,0
10000,4/1/2018,Major purchase,,2.96%,860xx,AZ,< 1 year,0
6500,4/1/2018,Debt consolidation,,18.28%,453xx,OH,< 1 year,0
10000,4/1/2018,Home buying,,21.95%,457xx,OH,< 1 year,0
5000,4/1/2018,Debt consolidation,,25.42%,782xx,TX,< 1 year,0
10000,4/1/2018,Debt consolidation,,43.44%,040xx,ME,< 1 year,0
30000,4/1/2018,Car financing,,16.32%,539xx,WI,< 1 year,0
1000,4/1/2018,Other,,100%,433xx,OH,< 1 year,0
5000,4/1/2018,Debt consolidation,,18.42%,346xx,FL,< 1 year,0
30000,4/1/2018,Credit card refinancing,,100%,927xx,CA,< 1 year,0
10000,4/1/2018,Debt consolidation,,42.50%,014xx,MA,< 1 year,0
10000,4/1/2018,Credit card refinancing,,24.69%,784xx,TX,< 1 year,0
12000,4/1/2018,Debt consolidation,,16.12%,754xx,TX,< 1 year,0
14000,4/1/2018,Other,,6.07%,371xx,TN,< 1 year,0
10000,4/1/2018,Other,,1.65%,770xx,TX,< 1 year,0
30000,4/1/2018,Debt consolidation,,24.26%,776xx,TX,< 1 year,0
20000,4/1/2018,Debt consolidation,,113.73%,154xx,PA,< 1 year,0
6500,4/1/2018,Credit card refinancing,,13.92%,453xx,OH,< 1 year,0
25000,4/1/2018,Debt consolidation,,32.79%,300xx,GA,< 1 year,0
30000,4/1/2018,Debt consolidation,,3.30%,333xx,FL,< 1 year,0
31000,4/1/2018,Debt consolidation,,48.08%,080xx,NJ,< 1 year,0
10000,4/1/2018,Debt consolidation,,13.94%,606xx,IL,< 1 year,0
10000,4/1/2018,Debt consolidation,,3.48%,540xx,WI,< 1 year,0
9500,4/1/2018,Other,,1.31%,674xx,KS,< 1 year,0
1000,4/1/2018,Debt consolidation,,10.25%,220xx,VA,< 1 year,0
1000,4/1/2018,Other,688,0%,891xx,NV,< 1 year,0
15000,4/1/2018,Debt consolidation,,4.62%,801xx,CO,< 1 year,0
20500,4/1/2018,Credit card refinancing,,23.58%,601xx,IL,< 1 year,0
1000,4/1/2018,Debt consolidation,,29.47%,452xx,OH,< 1 year,0
10000,4/1/2018,Debt consolidation,,24.31%,328xx,FL,8 years,0
40000,4/1/2018,Debt consolidation,,17.36%,774xx,TX,< 1 year,0
7000,4/1/2018,Other,,299.22%,883xx,NM,< 1 year,0
25000,4/1/2018,Major purchase,,22.57%,280xx,NC,< 1 year,0
5000,4/1/2018,Other,,1.17%,336xx,FL,< 1 year,0
18075,4/1/2018,Car financing,,100%,212xx,MD,< 1 year,0
2000,4/1/2018,Other,,32.59%,980xx,WA,< 1 year,0
10000,4/1/2018,Other,,3.17%,705xx,LA,< 1 year,0
2000,4/1/2018,Other,,0%,331xx,FL,< 1 year,0
15000,4/1/2018,Credit card refinancing,,58.58%,281xx,NC,< 1 year,0
25000,4/1/2018,Debt consolidation,,26.63%,199xx,DE,< 1 year,0
4000,4/1/2018,Debt consolidation,,1.20%,100xx,NY,< 1 year,0
2500,4/1/2018,Other,,4%,310xx,GA,< 1 year,0
6000,4/1/2018,Credit card refinancing,,23.31%,945xx,CA,< 1 year,0
10000,4/1/2018,Other,,23.01%,309xx,GA,< 1 year,0
15000,4/1/2018,Major purchase,,9.24%,275xx,NC,< 1 year,0
9000,4/1/2018,Car financing,,12.24%,730xx,OK,< 1 year,0
15000,4/1/2018,Debt consolidation,,4.15%,482xx,MI,< 1 year,0
2000,4/1/2018,Other,,266.38%,482xx,MI,< 1 year,0
35000,4/1/2018,Debt consolidation,,32.97%,312xx,GA,< 1 year,0
35000,4/1/2018,Car financing,,100%,604xx,IL,< 1 year,0
10000,4/1/2018,Debt consolidation,,100%,296xx,SC,< 1 year,0
5000,4/1/2018,Other,,17.76%,207xx,MD,< 1 year,0
22000,4/1/2018,Car financing,,8.58%,797xx,TX,< 1 year,0
35000,4/1/2018,Debt consolidation,,22.28%,432xx,OH,< 1 year,0
11000,4/1/2018,Credit card refinancing,,51.92%,386xx,MS,< 1 year,0
1000,4/1/2018,Moving and relocation,556,0.88%,970xx,OR,< 1 year,0
4000,4/1/2018,Credit card refinancing,,3.61%,785xx,TX,< 1 year,0
10000,4/1/2018,Credit card refinancing,,28.91%,482xx,MI,< 1 year,0
5000,4/1/2018,Other,,0.49%,347xx,FL,< 1 year,0
15000,4/1/2018,Major purchase,,16.46%,765xx,TX,< 1 year,0
10000,4/1/2018,Home buying,,4.18%,351xx,AL,n/a,0
5000,4/1/2018,Home buying,,14.82%,921xx,CA,< 1 year,0
7500,4/1/2018,Other,,48%,737xx,OK,< 1 year,0
10000,4/1/2018,Debt consolidation,,34.49%,335xx,FL,< 1 year,0
10000,4/1/2018,Debt consolidation,,19.84%,397xx,MS,< 1 year,0
10000,4/1/2018,Other,,256.64%,133xx,NY,< 1 year,0
5000,4/1/2018,Other,,33.31%,751xx,TX,< 1 year,0
20000,4/1/2018,Business,,17.14%,018xx,MA,< 1 year,0
1500,4/1/2018,Medical expenses,,157.21%,142xx,NY,< 1 year,0
14000,4/1/2018,Debt consolidation,,6.58%,113xx,NY,< 1 year,0
20500,4/1/2018,Debt consolidation,,25.73%,600xx,IL,< 1 year,0
6000,4/1/2018,Debt consolidation,,54.03%,781xx,TX,< 1 year,0
10000,4/1/2018,Credit card refinancing,,14.97%,480xx,MI,< 1 year,0
2000,4/1/2018,Other,,2.14%,786xx,TX,< 1 year,0
35000,4/1/2018,Other,,21.86%,346xx,FL,< 1 year,0
10000,4/1/2018,Credit card refinancing,,18.22%,074xx,NJ,< 1 year,0
10000,4/1/2018,Home improvement,,11.19%,028xx,RI,< 1 year,0
2500,4/1/2018,Debt consolidation,,18.51%,857xx,AZ,< 1 year,0
20000,4/1/2018,Credit card refinancing,,16.15%,955xx,CA,< 1 year,0
5000,4/1/2018,Debt consolidation,,22.14%,301xx,GA,< 1 year,0
5000,4/1/2018,Credit card refinancing,,17.84%,383xx,TN,< 1 year,0
12000,4/1/2018,Home buying,,0%,600xx,IL,< 1 year,0
4500,4/1/2018,Other,,111.74%,114xx,NY,< 1 year,0
20000,4/1/2018,Home buying,,20.46%,540xx,WI,< 1 year,0
20000,4/1/2018,Debt consolidation,,24.76%,088xx,NJ,< 1 year,0
30000,4/1/2018,Debt consolidation,,100%,200xx,DC,< 1 year,0
12000,4/1/2018,Other,,12.83%,405xx,KY,< 1 year,0
25000,4/1/2018,Other,,27.80%,142xx,NY,< 1 year,0
5000,4/1/2018,Debt consolidation,,15.63%,672xx,KS,< 1 year,0
2500,4/1/2018,Debt consolidation,,0.93%,601xx,IL,< 1 year,0
5000,4/1/2018,Debt consolidation,,24.46%,027xx,MA,< 1 year,0
7000,4/1/2018,Credit card refinancing,,29.90%,212xx,MD,10+ years,0
5000,4/1/2018,Other,,100%,598xx,MT,< 1 year,0
10000,4/1/2018,Debt consolidation,,34.91%,240xx,VA,< 1 year,0
10000,4/1/2018,Debt consolidation,,28.42%,366xx,AL,< 1 year,0
4000,4/1/2018,Debt consolidation,,8.60%,707xx,LA,< 1 year,0
5000,4/1/2018,Major purchase,,164%,451xx,OH,< 1 year,0
5000,4/1/2018,Debt consolidation,,20.28%,117xx,NY,< 1 year,0
10000,4/1/2018,Debt consolidation,,17.69%,532xx,WI,< 1 year,0
40000,4/1/2018,Debt consolidation,,11.73%,330xx,FL,< 1 year,0
2500,4/1/2018,Debt consolidation,,147.65%,953xx,CA,< 1 year,0
20500,4/1/2018,Home buying,,45.05%,294xx,SC,< 1 year,0
2500,4/1/2018,Debt consolidation,,17.38%,773xx,TX,< 1 year,0
10000,4/1/2018,Major purchase,,23.76%,190xx,PA,< 1 year,0
10000,4/1/2018,Other,,25.50%,067xx,CT,< 1 year,0
1000,4/1/2018,Other,,100%,937xx,CA,< 1 year,0
15000,4/1/2018,Debt consolidation,,11.79%,122xx,NY,< 1 year,0
5000,4/1/2018,Credit card refinancing,,23.05%,853xx,AZ,< 1 year,0
2500,4/1/2018,Car financing,,0%,451xx,OH,< 1 year,0
20000,4/1/2018,Debt consolidation,636,21.50%,113xx,NY,1 year,0
15000,4/1/2018,Credit card refinancing,,18.84%,727xx,AR,< 1 year,0
1500,4/1/2018,Debt consolidation,,1.67%,328xx,FL,< 1 year,0
20000,4/1/2018,Credit card refinancing,,3.76%,337xx,FL,< 1 year,0
10000,4/1/2018,Credit card refinancing,,6.31%,618xx,IL,< 1 year,0
32000,4/1/2018,Debt consolidation,,30.33%,146xx,NY,< 1 year,0
6000,4/1/2018,Debt consolidation,,3.83%,394xx,MS,< 1 year,0
10000,4/1/2018,Debt consolidation,,44.61%,330xx,FL,< 1 year,0
20550,4/1/2018,Car financing,,100%,327xx,FL,< 1 year,0
18475,4/1/2018,Car financing,,100%,207xx,MD,< 1 year,0
10000,4/1/2018,Credit card refinancing,,19.17%,333xx,FL,< 1 year,0
4000,4/1/2018,Debt consolidation,,20.07%,631xx,MO,< 1 year,0
20175,4/1/2018,Car financing,,100%,773xx,TX,< 1 year,0
8600,4/1/2018,Credit card refinancing,,100%,021xx,MA,< 1 year,0
25000,4/1/2018,Business,,0.44%,937xx,CA,< 1 year,0
5000,4/1/2018,Debt consolidation,,19.69%,920xx,CA,< 1 year,0
5000,4/1/2018,Debt consolidation,,24.37%,300xx,GA,< 1 year,0
25000,4/1/2018,Debt consolidation,,19.01%,330xx,FL,< 1 year,0
40000,4/1/2018,Debt consolidation,,31.83%,641xx,MO,< 1 year,0
35000,4/1/2018,Debt consolidation,,23.26%,272xx,NC,< 1 year,0
10000,4/1/2018,Debt consolidation,,90.92%,322xx,FL,< 1 year,0
15000,4/1/2018,Credit card refinancing,,99.36%,633xx,MO,< 1 year,0
3500,4/1/2018,Other,,11.01%,218xx,MD,5 years,0
10000,4/1/2018,Debt consolidation,,1.31%,049xx,ME,< 1 year,0
35000,4/1/2018,Debt consolidation,,26.27%,232xx,VA,< 1 year,0
10000,4/1/2018,Debt consolidation,,42.61%,781xx,TX,< 1 year,0
25000,4/1/2018,Credit card refinancing,,51.01%,724xx,AR,< 1 year,0
10000,4/1/2018,Other,,0.83%,850xx,AZ,< 1 year,0
10000,4/1/2018,Credit card refinancing,,47.56%,773xx,TX,< 1 year,0
5000,4/1/2018,Debt consolidation,,12.17%,645xx,MO,< 1 year,0
10000,4/1/2018,Credit card refinancing,,40.86%,087xx,NJ,< 1 year,0
8000,4/1/2018,Other,597,1.67%,330xx,FL,< 1 year,0
5000,4/1/2018,Home buying,,1.84%,301xx,GA,< 1 year,0
5000,4/1/2018,Other,,4.14%,088xx,NJ,< 1 year,0
10000,4/1/2018,Home buying,,9.77%,488xx,MI,< 1 year,0
10000,4/1/2018,Debt consolidation,,0.44%,937xx,CA,< 1 year,0
10000,4/1/2018,Credit card refinancing,,38.91%,463xx,IN,< 1 year,0
25000,4/1/2018,Home buying,,2.28%,605xx,IL,< 1 year,0
7000,4/1/2018,Home buying,,100%,104xx,NY,< 1 year,0
10000,4/1/2018,Debt consolidation,,31.31%,991xx,WA,< 1 year,0
1000,4/1/2018,Debt consolidation,,13.38%,029xx,RI,< 1 year,0
1000,4/1/2018,Other,,7.01%,945xx,CA,< 1 year,0
10000,4/1/2018,Home buying,,14.47%,325xx,FL,< 1 year,0
2500,4/1/2018,Debt consolidation,,20.43%,458xx,OH,< 1 year,0
1000,4/1/2018,Other,,6.12%,328xx,FL,< 1 year,0
1500,4/1/2018,Other,,79.21%,174xx,PA,< 1 year,0
5000,4/1/2018,Debt consolidation,,30.95%,034xx,NH,< 1 year,0
10000,4/1/2018,Other,,1.89%,616xx,IL,< 1 year,0
1000,4/1/2018,Debt consolidation,,23.68%,851xx,AZ,< 1 year,0
5000,4/1/2018,Credit card refinancing,,47.68%,601xx,IL,< 1 year,0
22000,4/1/2018,Debt consolidation,,70.40%,765xx,TX,< 1 year,0
1000,4/1/2018,Home improvement,,75.76%,532xx,WI,< 1 year,0
12000,4/1/2018,Debt consolidation,,100%,107xx,NY,< 1 year,0
8000,4/1/2018,Debt consolidation,,14.98%,232xx,VA,< 1 year,0
10000,4/1/2018,Credit card refinancing,,15.16%,331xx,FL,< 1 year,0
1500,4/1/2018,Other,,18.79%,394xx,MS,< 1 year,0
10000,4/1/2018,Debt consolidation,,24.82%,232xx,VA,< 1 year,0
3000,4/1/2018,Other,,0%,871xx,NM,< 1 year,0
5000,4/1/2018,Other,,22.91%,330xx,FL,< 1 year,0
5000,4/1/2018,Home buying,,57.23%,403xx,KY,< 1 year,0
30000,4/1/2018,Debt consolidation,,11.84%,019xx,MA,< 1 year,0
15000,4/1/2018,Other,,23.68%,554xx,MN,< 1 year,0
15000,4/1/2018,Debt consolidation,,29.32%,880xx,NM,< 1 year,0
3500,4/1/2018,Debt consolidation,,47.87%,791xx,TX,< 1 year,0
15000,4/1/2018,Home improvement,,26.67%,229xx,VA,< 1 year,0
5000,4/1/2018,Other,,2%,638xx,MO,< 1 year,0
12000,4/1/2018,Debt consolidation,,16.45%,582xx,ND,< 1 year,0
10000,4/1/2018,Debt consolidation,,31.04%,245xx,VA,< 1 year,0
35000,4/1/2018,Debt consolidation,,35.55%,170xx,PA,< 1 year,0
5000,4/1/2018,Other,,100%,895xx,NV,< 1 year,0
6000,4/1/2018,Major purchase,,14.91%,049xx,ME,< 1 year,0
10000,4/1/2018,Other,,18.62%,191xx,PA,< 1 year,0
10000,4/1/2018,Other,,0%,317xx,GA,< 1 year,0
10000,4/1/2018,Other,,9.18%,775xx,TX,< 1 year,0
10000,4/1/2018,Debt consolidation,,5.35%,193xx,PA,< 1 year,0
1000,4/1/2018,Other,,25.68%,302xx,GA,< 1 year,0
10000,4/1/2018,Major purchase,,9.14%,750xx,TX,< 1 year,0
20000,4/1/2018,Debt consolidation,,69.47%,402xx,KY,< 1 year,0
20000,4/1/2018,Home buying,,33.16%,327xx,FL,< 1 year,0
30000,4/1/2018,Debt consolidation,,100%,450xx,OH,< 1 year,0
4000,4/1/2018,Credit card refinancing,,13.75%,070xx,NJ,< 1 year,0
4000,4/1/2018,Other,,10.61%,850xx,AZ,< 1 year,0
20000,4/1/2018,Credit card refinancing,,46.77%,410xx,KY,< 1 year,0
3000,4/1/2018,Home buying,,7.86%,322xx,FL,< 1 year,0
4000,4/1/2018,Debt consolidation,,14.18%,395xx,MS,< 1 year,0
12000,4/1/2018,Home improvement,,263.02%,121xx,NY,< 1 year,0
3000,4/1/2018,Other,,11.36%,010xx,MA,< 1 year,0
10000,4/1/2018,Debt consolidation,,13.70%,983xx,WA,< 1 year,0
16350,4/1/2018,Car financing,,100%,207xx,MD,< 1 year,0
10000,4/1/2018,Other,,0%,660xx,KS,< 1 year,0
24000,4/1/2018,Debt consolidation,,6.52%,406xx,KY,< 1 year,0
10000,4/1/2018,Credit card refinancing,,35.27%,123xx,NY,< 1 year,0
6000,4/1/2018,Major purchase,,12.98%,339xx,FL,< 1 year,0
14000,4/1/2018,Credit card refinancing,,36.57%,231xx,VA,< 1 year,0
38000,4/1/2018,Major purchase,,24.47%,423xx,KY,< 1 year,0
5000,4/1/2018,Other,,21.24%,193xx,PA,< 1 year,0
5500,4/1/2018,Debt consolidation,,2.49%,954xx,CA,< 1 year,0
25000,4/1/2018,Debt consolidation,,2.66%,956xx,CA,< 1 year,0
2500,4/1/2018,Debt consolidation,,100%,706xx,LA,< 1 year,0
10000,4/1/2018,Debt consolidation,,2%,773xx,TX,< 1 year,0
7000,4/1/2018,Medical expenses,,23.05%,328xx,FL,< 1 year,0
4000,4/1/2018,Medical expenses,,265.60%,300xx,GA,< 1 year,0
17000,4/1/2018,Debt consolidation,,10.58%,587xx,ND,< 1 year,0
5000,4/1/2018,Credit card refinancing,,2.72%,490xx,MI,< 1 year,0
10000,4/1/2018,Debt consolidation,,48.99%,025xx,MA,< 1 year,0
1500,4/1/2018,Other,,29.17%,226xx,VA,< 1 year,0
1000,4/1/2018,Car financing,,1957%,604xx,IL,< 1 year,0
38000,4/1/2018,Major purchase,,4.12%,531xx,WI,< 1 year,0
9450,4/1/2018,Credit card refinancing,,17.13%,631xx,MO,< 1 year,0
10000,4/1/2018,Major purchase,,5.18%,220xx,VA,< 1 year,0
10000,4/1/2018,Credit card refinancing,,10.74%,452xx,OH,< 1 year,0
10000,4/1/2018,Debt consolidation,,12.75%,156xx,PA,< 1 year,0
5000,4/1/2018,Credit card refinancing,,29.11%,295xx,SC,< 1 year,0
18800,4/1/2018,Debt consolidation,,33.93%,967xx,HI,7 years,0
10000,4/1/2018,Credit card refinancing,,27.06%,693xx,NE,< 1 year,0
7500,4/1/2018,Debt consolidation,,38.02%,112xx,NY,< 1 year,0
30000,4/1/2018,Credit card refinancing,,27.98%,454xx,OH,< 1 year,0
5000,4/1/2018,Car financing,,0.52%,366xx,AL,< 1 year,0
30000,4/1/2018,Debt consolidation,,23.88%,341xx,FL,< 1 year,0
15000,4/1/2018,Debt consolidation,,15.79%,939xx,CA,< 1 year,0
50000,4/1/2018,Business Loan,,-1%,078xx,NJ,< 1 year,0
2000,4/1/2018,Major purchase,,1.89%,142xx,NY,< 1 year,0
3000,4/1/2018,Other,,4.49%,105xx,NY,< 1 year,0
2000,4/1/2018,Debt consolidation,,9.31%,061xx,CT,< 1 year,0
4925,4/1/2018,Car financing,,100%,560xx,MN,< 1 year,0
7500,4/1/2018,Debt consolidation,,34.37%,729xx,AR,< 1 year,0
15000,4/1/2018,Debt consolidation,,3.20%,346xx,FL,< 1 year,0
10000,4/1/2018,Debt consolidation,,164%,303xx,GA,< 1 year,0
5000,4/1/2018,Credit card refinancing,,41.50%,559xx,MN,< 1 year,0
